micro_ap,CC_ap,CL_ap,macro_ap,micro_roc_auc,CC_roc_auc,CL_roc_auc,macro_roc_auc,mrr,test_time,train_time,cutoff,model,dataset
0.9693989933275146,0.7504184713793463,0.9785698401256057,0.8644941557524759,0.9674564916096552,0.7048235929911518,0.9777707739748512,0.8412971834830015,0.9972005225890934,6.641068696975708,31.91169786453247,0.2,HGE,OLD
0.9693026888678693,0.7522569182902303,0.9784253002046844,0.8653411092474574,0.9674151753519635,0.7064140223760647,0.9776386162428566,0.8420263193094606,0.9971546469604617,4.458267450332642,31.91169786453247,0.2,HGE,OLD
0.9695023751758621,0.7519725612829671,0.9786189471662623,0.8652957542246147,0.9675769235700631,0.7066461503757986,0.9777900113241025,0.8422180808499505,0.9972268172228614,3.8972012996673584,31.91169786453247,0.2,HGE,OLD
0.9692177329184858,0.7510049790560513,0.9782874609035827,0.864646219979817,0.9672821175563543,0.7039520599680078,0.9774554672534698,0.8407037636107388,0.9969119705539421,3.4760961532592773,31.91169786453247,0.2,HGE,OLD
0.9693372182578854,0.7487710090929303,0.9785221232826041,0.8636465661877673,0.9672786742044337,0.7014694691658838,0.9776001218830072,0.8395347955244454,0.9971237492281037,4.3308634757995605,31.91169786453247,0.2,HGE,OLD
0.9712428176977759,0.7652328150345218,0.9810981792271439,0.8731654971308329,0.9696591567253536,0.7135667643963259,0.9808408537751029,0.8472038090857144,0.9973167004300387,4.085643291473389,154.28145360946655,0.4,HGE,OLD
0.9712453178426882,0.7634428689401235,0.9812348470611691,0.8723388580006464,0.9696065590640605,0.7136151805353963,0.9809322082293188,0.8472736943823576,0.9970855587419024,5.469730854034424,154.28145360946655,0.4,HGE,OLD
0.971254488092978,0.7598034496273056,0.9813071871386487,0.8705553183829772,0.9696143416088693,0.7092376500454212,0.9810224876232534,0.8451300688343373,0.9970068708744555,2.0579495429992676,154.28145360946655,0.4,HGE,OLD
0.9710722718590545,0.7640511993036666,0.980983771523252,0.8725174854134593,0.9695677454771234,0.7139588963429644,0.9808030682923629,0.8473809823176637,0.9971852191565079,5.034464597702026,154.28145360946655,0.4,HGE,OLD
0.9711012764361077,0.7616505934192155,0.9810995641244719,0.8713750787718437,0.9695174118797316,0.7105168086765564,0.9808634093990827,0.8456901090378195,0.9973287637159587,3.133798122406006,154.28145360946655,0.4,HGE,OLD
0.971594800874385,0.7928869572140221,0.9809193925961709,0.8869031749050965,0.9706783179559643,0.7449832414729876,0.9811592288594283,0.863071235166208,0.9968575257636674,7.6258814334869385,189.13998126983643,0.6000000000000001,HGE,OLD
0.9714307323675715,0.7909930540439165,0.980900392220634,0.8859467231322753,0.9704867536392568,0.7448876100455801,0.9811049146619246,0.8629962623537524,0.9966418531148632,5.089588165283203,189.13998126983643,0.6000000000000001,HGE,OLD
0.971640137049858,0.7923266534383906,0.9810341714677772,0.8866804124530838,0.9706510779870736,0.7451322275542202,0.9811966860488427,0.8631644568015314,0.99689740283151,3.677133560180664,189.13998126983643,0.6000000000000001,HGE,OLD
0.9714100229010824,0.7913576898820261,0.9808721033894119,0.8861148966357191,0.9704776499425463,0.7440622804444386,0.9811075486495425,0.8625849145469906,0.9966580691682614,3.5857648849487305,189.13998126983643,0.6000000000000001,HGE,OLD
0.9715311773090378,0.791219577763455,0.9809866931472596,0.8861031354553572,0.9705905837922615,0.7444895464076352,0.9812077137705646,0.8628486300890998,0.9969612749107074,3.8634257316589355,189.13998126983643,0.6000000000000001,HGE,OLD
0.969823412557447,0.8166494908399548,0.9799880018442977,0.8983187463421263,0.9693651252251905,0.7817978095482481,0.9807512251557281,0.881274517351988,0.9964114127391164,4.647683382034302,312.9809408187866,0.8,HGE,OLD
0.969545216689699,0.8178032233900027,0.9797125567893679,0.8987578900896853,0.9691295410647904,0.7837794920210976,0.9804871933229746,0.8821333426720361,0.9962395679921452,2.1700832843780518,312.9809408187866,0.8,HGE,OLD
0.9698192290718873,0.8169330880265928,0.9799414588455385,0.8984372734360657,0.9695069895688309,0.7834427051183765,0.9808007652381757,0.8821217351782762,0.9966504592112371,5.247682571411133,312.9809408187866,0.8,HGE,OLD
0.969976320757207,0.8159512378128932,0.9801954162853648,0.898073327049129,0.9695049178474794,0.7818008763915065,0.9809162228513266,0.8813585496214166,0.9958765570356397,3.0266194343566895,312.9809408187866,0.8,HGE,OLD
0.9700785807841112,0.8163162460711153,0.9802824074662959,0.8982993267687056,0.9695248375147487,0.782593511632641,0.9809213365758301,0.8817574241042356,0.9965583822185538,5.394914627075195,312.9809408187866,0.8,HGE,OLD
0.973682623020598,0.7971179534152446,0.9819821377857546,0.8895500456004997,0.973070985880921,0.7730666886595847,0.982538764082242,0.8778027263709134,0.9975660952346707,3.146301746368408,76.816903591156,0.2,R-HGE,OLD
0.9734268405110508,0.7956615143357777,0.9817477475211518,0.8887046309284647,0.972849316796041,0.7713566092071944,0.9823215285563621,0.8768390688817782,0.9976108923530576,5.100591659545898,76.816903591156,0.2,R-HGE,OLD
0.9735758688524584,0.7972869683580035,0.9818673759508837,0.8895771721544437,0.9728991496438187,0.7733334450367351,0.9823480306362273,0.8778407378364812,0.9975666474875337,4.957688331604004,76.816903591156,0.2,R-HGE,OLD
0.9734673632399051,0.7972672448851181,0.9817278052576329,0.8894975250713755,0.9728731404531175,0.7728156394008048,0.9822863811873921,0.8775510102940984,0.997583379043063,5.059125661849976,76.816903591156,0.2,R-HGE,OLD
0.9735861839634915,0.7948303842192297,0.9819264042412895,0.8883783942302597,0.9729869801037742,0.7707485976618121,0.9824918981213132,0.8766202478915627,0.9974879644118299,5.225529909133911,76.816903591156,0.2,R-HGE,OLD
0.9775302364790281,0.8330830569173386,0.9843056223447714,0.908694339631055,0.9778162039515443,0.8187320276749634,0.985002066898105,0.9018670472865342,0.9980310623023065,2.2907087802886963,160.56764817237854,0.4,R-HGE,OLD
0.9774070525891508,0.8304042302255983,0.9842744137426401,0.9073393219841193,0.9777579869057985,0.8171976257030736,0.985038875492951,0.9011182505980123,0.9977692611110519,5.402451276779175,160.56764817237854,0.4,R-HGE,OLD
0.977673717188833,0.8299801647165148,0.9845297797394971,0.9072549722280059,0.9779575021194125,0.817031085494726,0.9852158301625358,0.9011234578286309,0.9977058597830025,2.1570961475372314,160.56764817237854,0.4,R-HGE,OLD
0.9775240811292193,0.8316800536501018,0.984361814173109,0.9080209339116054,0.9778023050625463,0.8176169957109695,0.9850694198985175,0.9013432078047434,0.9980002346391357,5.774369716644287,160.56764817237854,0.4,R-HGE,OLD
0.9774810296470778,0.8312302583279669,0.9843035836815841,0.9077669210047755,0.9778250765699251,0.8173779270618187,0.9850556080615093,0.901216767561664,0.9980012365683097,5.4711692333221436,160.56764817237854,0.4,R-HGE,OLD
0.9784128432175541,0.8574050717433689,0.9846026265614499,0.9210038491524094,0.9788744129810334,0.8468796813188423,0.9853591923986295,0.9161194368587359,0.9975356994315818,3.9277889728546143,275.1223454475403,0.6000000000000001,R-HGE,OLD
0.9781350011176722,0.8547302138824773,0.9844158546049537,0.9195730342437155,0.978676184367078,0.8447679265494823,0.9852451639256817,0.915006545237582,0.9974424020627132,2.819760322570801,275.1223454475403,0.6000000000000001,R-HGE,OLD
0.9784249945247658,0.8568241638432463,0.984640236087677,0.9207321999654616,0.978875957751521,0.8465469875690331,0.9853854780411987,0.9159662328051159,0.9976015826134382,3.433211326599121,275.1223454475403,0.6000000000000001,R-HGE,OLD
0.9784359425287829,0.8558745541938463,0.9846930162436289,0.9202837852187375,0.9788877908610618,0.8458753680835076,0.9854390298905715,0.9156571989870396,0.9975651976962401,3.2478935718536377,275.1223454475403,0.6000000000000001,R-HGE,OLD
0.9784132630297773,0.8560034275811123,0.984654997023549,0.9203292123023306,0.9788756443388561,0.8461737351140555,0.9853967706604281,0.9157852528872418,0.9975499369290695,3.3161206245422363,275.1223454475403,0.6000000000000001,R-HGE,OLD
0.9771584380322811,0.8639613514311654,0.9840712649735998,0.9240163082023826,0.9779456825116113,0.8537906546309819,0.9851692425359654,0.9194799485834737,0.9974774270246904,5.6850574016571045,442.2405655384064,0.8,R-HGE,OLD
0.9773063185917577,0.8635949686121084,0.9842206984818662,0.9239078335469872,0.9779845329521344,0.8532345875243676,0.9852131060299767,0.9192238467771722,0.9975699558173785,2.3098762035369873,442.2405655384064,0.8,R-HGE,OLD
0.9773609696233855,0.8632159612820829,0.9842696054605427,0.9237427833713128,0.9781962137817182,0.8538762110682375,0.9853903507344098,0.9196332809013237,0.9975737930357055,5.226206064224243,442.2405655384064,0.8,R-HGE,OLD
0.9774305774163594,0.8640441952231863,0.9843400919693178,0.9241921435962521,0.9781588183300736,0.8543596114426114,0.9853583991040488,0.9198590052733301,0.9973107980667216,3.1351442337036133,442.2405655384064,0.8,R-HGE,OLD
0.9774002744600637,0.8638574770049601,0.9842713044413064,0.9240643907231332,0.978101931857634,0.8536431896430294,0.985269034732369,0.9194561121876992,0.9975016950151815,5.095998525619507,442.2405655384064,0.8,R-HGE,OLD
0.9598883885456612,0.6553015324732985,0.9705065324226123,0.8129040324479554,0.9583101660521004,0.6461638236770884,0.9696882241677021,0.8079260239223952,0.9956063861346086,7.055067777633667,60.45705056190491,0.2,VGAE,OLD
0.9602114728039262,0.6599829033605418,0.9707352023850688,0.8153590528728053,0.9586464351882268,0.6507291319678539,0.969903244151628,0.8103161880597409,0.9957394621548566,5.154591798782349,60.45705056190491,0.2,VGAE,OLD
0.9600892020241791,0.6611316615015654,0.9705900745866862,0.8158608680441258,0.9585345725507208,0.650552304640436,0.9697859137274631,0.8101691091839496,0.995596291235136,2.240011215209961,60.45705056190491,0.2,VGAE,OLD
0.9599627265168398,0.6598266796399447,0.9704891683509136,0.8151579239954292,0.958295527939539,0.6484270470907979,0.9695626021192532,0.8089948246050256,0.9957572378734335,4.690082311630249,60.45705056190491,0.2,VGAE,OLD
0.9599817394460844,0.656406841170163,0.9705882571457237,0.8134975491579434,0.9584665852832888,0.648005371593374,0.9698150418830966,0.8089102067382353,0.9954378675875466,5.032336950302124,60.45705056190491,0.2,VGAE,OLD
0.9603686209577474,0.6874752997158904,0.9719714585448844,0.8297233791303874,0.9591826575219597,0.6760172359151061,0.971820648694606,0.8239189423048561,0.9960914454277285,9.96146535873413,207.54206371307373,0.4,VGAE,OLD
0.9603268592502808,0.6849556895208466,0.9720016165609776,0.8284786530409121,0.9590461184180947,0.6745006092001754,0.9717577335532761,0.8231291713767257,0.9957313021260871,2.9029972553253174,207.54206371307373,0.4,VGAE,OLD
0.9601373554943985,0.6844283894403538,0.9718410993374021,0.828134744388878,0.9589004764847611,0.6728455255284034,0.9716509684906819,0.8222482470095427,0.9959472854006353,5.19616961479187,207.54206371307373,0.4,VGAE,OLD
0.9603428392421913,0.6877751076800188,0.971926055276914,0.8298505814784665,0.9592136027975543,0.6758518991946445,0.9718412142126522,0.8238465567036484,0.9960680169082384,3.102809429168701,207.54206371307373,0.4,VGAE,OLD
0.9601194608019269,0.6846845105262774,0.9717503833772859,0.8282174469517817,0.9589389565395045,0.6725886642895467,0.971609846264372,0.8220992552769593,0.995850567115811,5.211053133010864,207.54206371307373,0.4,VGAE,OLD
0.9611419413251795,0.6976998117660749,0.973095583899775,0.835397697832925,0.9609435918380813,0.6998651007199524,0.9739796519191393,0.8369223763195459,0.9961936780812422,5.045581579208374,132.11945486068726,0.6000000000000001,VGAE,OLD
0.9606668305637162,0.6978879727189714,0.972678137775432,0.8352830552472017,0.9605349383998469,0.6987816768409488,0.9736532762557462,0.8362174765483474,0.9962294491114253,4.6222028732299805,132.11945486068726,0.6000000000000001,VGAE,OLD
0.9607748224407846,0.6973135409842435,0.9727765782099143,0.8350450595970789,0.9606982594453294,0.6999527371146875,0.9737891205906967,0.8368709288526921,0.9964132358990714,3.6332266330718994,132.11945486068726,0.6000000000000001,VGAE,OLD
0.9603002006318914,0.6940956326206029,0.97235106360578,0.8332233481131914,0.9603222640184554,0.6982528279253771,0.9734647656307152,0.8358587967780462,0.9960040121659226,3.4569313526153564,132.11945486068726,0.6000000000000001,VGAE,OLD
0.9610280389255821,0.6967799692326787,0.9730425783046852,0.8349112737686819,0.9608441212671284,0.7003126589800845,0.9739444739783969,0.8371285664792407,0.9963167038623435,3.1611263751983643,132.11945486068726,0.6000000000000001,VGAE,OLD
0.9596520105349999,0.6891485628895786,0.9744160480302138,0.8317823054598962,0.9600365457786538,0.6967804378578577,0.9760638848746277,0.8364221613662427,0.9967307257739655,5.7326438426971436,396.73065662384033,0.8,VGAE,OLD
0.959801574125525,0.688565784536256,0.9745234828464503,0.8315446336913532,0.9601218658736688,0.6973788213530142,0.9760807958494523,0.8367298086012332,0.997039764359352,1.9420416355133057,396.73065662384033,0.8,VGAE,OLD
0.9598501069027657,0.6880077849930619,0.9745523383434511,0.8312800616682565,0.9602138778140547,0.695675639729002,0.9761553158492827,0.8359154777891424,0.9967977997151416,5.247826337814331,396.73065662384033,0.8,VGAE,OLD
0.9592954662739765,0.6851249530123812,0.9740637680690034,0.8295943605406924,0.9597470119378195,0.6951364950969394,0.9757480057961462,0.8354422504465429,0.9967803253565956,3.9438588619232178,396.73065662384033,0.8,VGAE,OLD
0.9598090493250879,0.6898117365598373,0.9744741014865973,0.8321429190232172,0.9602569503231602,0.6979234908210434,0.9761667267462788,0.8370451087836611,0.9965657518497775,2.177886486053467,396.73065662384033,0.8,VGAE,OLD
0.9440179693398326,0.6246659540200769,0.9555839435789483,0.7901249487995126,0.9463248072805475,0.6439738757512123,0.9584077543559906,0.8011908150536015,0.9937696086521609,3.4684383869171143,12.266092300415039,0.2,GCN,OLD
0.9439838450609981,0.6281890847383698,0.9554889209139763,0.791839002826173,0.9462932433018928,0.6475490530336669,0.9582848422413637,0.8029169476375153,0.9936565875673972,4.353077411651611,12.266092300415039,0.2,GCN,OLD
0.9441536267571972,0.6240613131933515,0.9557776651380486,0.7899194891657,0.9462277405708782,0.6436476420487603,0.9583685999499291,0.8010081209993447,0.9937236040434761,4.4695916175842285,12.266092300415039,0.2,GCN,OLD
0.9441253759417413,0.6276321734619934,0.9556020822196009,0.7916171278407971,0.9462497237108346,0.6463715934033964,0.9582191979761074,0.802295395689752,0.9935259750445572,1.2325429916381836,12.266092300415039,0.2,GCN,OLD
0.9433100959446676,0.6264286593644597,0.9548438369140914,0.7906362481392755,0.9457694432557593,0.6447933874404503,0.9578295807182673,0.8013114840793588,0.9922034525818992,4.278221368789673,12.266092300415039,0.2,GCN,OLD
0.9558847333114803,0.6315261765294611,0.968248021420174,0.7998870989748175,0.9562202452823053,0.6621381120155738,0.9691171019943655,0.8156276070049697,0.9954598926680173,2.6031267642974854,88.89240884780884,0.4,GCN,OLD
0.9556502927433848,0.6328111066069197,0.9680368022489462,0.800423954427933,0.9559410560694245,0.663367661086752,0.9688565118001013,0.8161120864434267,0.9953346501761796,4.338285207748413,88.89240884780884,0.4,GCN,OLD
0.9559501232652482,0.6311832139331232,0.9683516441651622,0.7997674290491427,0.9561804220672051,0.6610244453993073,0.9691176610328904,0.8150710532160989,0.994990549883117,2.540987253189087,88.89240884780884,0.4,GCN,OLD
0.9556095467145057,0.6319152654253891,0.9680008958829616,0.7999580806541753,0.9559332249989467,0.6622535833867561,0.9688536765029311,0.8155536299448436,0.9954247146112634,1.2222776412963867,88.89240884780884,0.4,GCN,OLD
0.9556509218317242,0.6305032967288471,0.9680707156413897,0.7992870061851184,0.9559629425963041,0.6603181594324221,0.9689071499882533,0.8146126547103377,0.9953404826880436,1.2187273502349854,88.89240884780884,0.4,GCN,OLD
0.9546496787965937,0.6681092234877083,0.9671238524599464,0.8176165379738274,0.9564829694300178,0.6903092303509799,0.9694836706219971,0.8298964504864885,0.9937607917522655,3.905771493911743,166.4510314464569,0.6000000000000001,GCN,OLD
0.95436886971469,0.6654787708905918,0.9669217848664716,0.8162002778785318,0.9562789555534525,0.6886293044939426,0.9693728164413269,0.8290010604676348,0.9942615938498829,3.351052761077881,166.4510314464569,0.6000000000000001,GCN,OLD
0.9546645770570306,0.6691972708462959,0.9670916218458449,0.8181444463460703,0.956693329036775,0.6920370445539132,0.9696241544025844,0.8308305994782488,0.9938592842187001,3.5834898948669434,166.4510314464569,0.6000000000000001,GCN,OLD
0.9544252158415082,0.6660356735199483,0.9670030237174833,0.8165193486187158,0.9561425884348024,0.6896950605105014,0.9692450984853821,0.8294700794979417,0.9938537131024027,3.4315271377563477,166.4510314464569,0.6000000000000001,GCN,OLD
0.9546648173692699,0.6693549162777221,0.9670462844730087,0.8182006003753655,0.9566079860480092,0.692847726118188,0.9695119563540157,0.8311798412361018,0.9937759618894481,2.856123924255371,166.4510314464569,0.6000000000000001,GCN,OLD
0.9574263091428904,0.6740714209513663,0.9711907700717651,0.8226310955115657,0.9590302867118025,0.6997050924688548,0.973443952324454,0.8365745223966544,0.9942627986044734,4.990006446838379,293.5994770526886,0.8,GCN,OLD
0.9574572273099011,0.6744691675948299,0.9711921131954484,0.8228306403951391,0.9589286851513219,0.6998144931843193,0.9733099415737193,0.8365622173790193,0.9947207622192895,1.2307658195495605,293.5994770526886,0.8,GCN,OLD
0.9572003751619184,0.6741868546316476,0.9709654223105055,0.8225761384710766,0.9588860654563252,0.699818427211486,0.9733129889506196,0.8365657080810528,0.9947020798398433,1.2109014987945557,293.5994770526886,0.8,GCN,OLD
0.9576460755296885,0.6719524053541629,0.9714462741520958,0.8216993397531294,0.9590984651442813,0.6989446308438036,0.97355352884494,0.8362490798443718,0.9947215509450272,1.0736401081085205,293.5994770526886,0.8,GCN,OLD
0.9574979477754232,0.6754149233199842,0.9712371106007034,0.8233260169603438,0.9589591555551819,0.7005809780939027,0.9733379781769153,0.836959478135409,0.9946232467987619,1.7250308990478516,293.5994770526886,0.8,GCN,OLD
0.92261826699315,0.6713663413231197,0.9402331605006338,0.8057997509118767,0.9337741969863782,0.6898890279493521,0.9494045379008198,0.819646782925086,0.9658891794453323,3.168945074081421,12.88887619972229,0.2,SAGE,OLD
0.92236319507075,0.6719960662196036,0.9397326848760956,0.8058643755478496,0.9337207092233023,0.691683555613146,0.9491090579847403,0.8203963067989432,0.9673299509314127,4.23166036605835,12.88887619972229,0.2,SAGE,OLD
0.921371378690516,0.676185705835138,0.9385014712462508,0.8073435885406944,0.9329484916091434,0.693010065029898,0.9483303612098145,0.8206702131198562,0.9648130970866334,4.22347092628479,12.88887619972229,0.2,SAGE,OLD
0.9230860987917267,0.6732235431476112,0.9404823302469909,0.8068529366973011,0.9343316213895771,0.6926168583385419,0.9497328545228952,0.8211748564307186,0.9672657392084327,1.2209343910217285,12.88887619972229,0.2,SAGE,OLD
0.9217907061732533,0.6724241369176491,0.9392534905764675,0.8058388137470582,0.933584981892692,0.6915818700587134,0.9490277220150318,0.8203047960368726,0.9652589246637701,3.748372793197632,12.88887619972229,0.2,SAGE,OLD
0.9347004225333968,0.7018771094129953,0.9515515687102026,0.826714339061599,0.9429064290375275,0.7148063222533227,0.958691340078152,0.8367488311657374,0.9708390705679861,3.970057964324951,88.05657649040222,0.4,SAGE,OLD
0.9345717832210466,0.7066906574861893,0.9512187525768434,0.8289547050315164,0.9428292295311583,0.7194069372735195,0.9583533246519513,0.8388801309627354,0.9706393075728278,4.39357852935791,88.05657649040222,0.4,SAGE,OLD
0.9344617552435075,0.7021185861752955,0.9515057353976795,0.8268121607864876,0.9429784901651518,0.7157008647844461,0.9587723568698272,0.8372366108271366,0.9701802627558814,1.4672822952270508,88.05657649040222,0.4,SAGE,OLD
0.9344022740551603,0.7018480441276549,0.9513362413744062,0.8265921427510305,0.9427856093265577,0.7160544940477261,0.9585239269983497,0.8372892105230378,0.9707622750041772,1.260688066482544,88.05657649040222,0.4,SAGE,OLD
0.9346952396415932,0.6987999570038845,0.9519763840420998,0.8253881705229922,0.9430423086396692,0.7137996166296167,0.9589842671297333,0.836391941879675,0.9712016514989075,1.1372277736663818,88.05657649040222,0.4,SAGE,OLD
0.9392901006820406,0.7402834633346409,0.9544647331639597,0.8473740982493003,0.9477048592188969,0.7535985099180615,0.9617464249478679,0.8576724674329648,0.9698866794742296,3.652618885040283,150.65933966636658,0.6000000000000001,SAGE,OLD
0.9395970658280779,0.7416273354845904,0.9544793605510277,0.848053348017809,0.9479359066796419,0.7542482830000179,0.9619178889618546,0.8580830859809363,0.9709682929147705,3.040268659591675,150.65933966636658,0.6000000000000001,SAGE,OLD
0.938843064541784,0.7401402488308105,0.9539827929055651,0.8470615208681878,0.9475283111602836,0.7542342467471777,0.961583801896607,0.8579090243218923,0.9690162381632492,3.5635173320770264,150.65933966636658,0.6000000000000001,SAGE,OLD
0.9385752330945472,0.7384906339921861,0.9537377928689301,0.8461142134305581,0.9471101295770475,0.7523628412501326,0.9612562494942931,0.8568095453722129,0.9687128811920808,2.9404640197753906,150.65933966636658,0.6000000000000001,SAGE,OLD
0.9386859445273471,0.7399996824451285,0.9538510717668484,0.8469253771059884,0.9474180427344112,0.7543974951497654,0.9614429339084157,0.8579202145290905,0.9685693559108123,2.954350471496582,150.65933966636658,0.6000000000000001,SAGE,OLD
0.9432267895983775,0.7800672055817006,0.9571970816969947,0.8686321436393476,0.9516242952036845,0.7870859524036302,0.9649193913134577,0.876002671858544,0.9714530871839209,4.1425395011901855,286.7287197113037,0.8,SAGE,OLD
0.9431527158519392,0.7783753823492264,0.9573841398226051,0.8678797610859157,0.951390324294881,0.7889609180587751,0.9645942650795518,0.8767775915691635,0.9732707763517776,2.0118408203125,286.7287197113037,0.8,SAGE,OLD
0.9441669929249027,0.780084608432983,0.9580933799615009,0.869088994197242,0.9520899903468668,0.7876854719825792,0.9653754015735085,0.8765304367780439,0.9720758172135805,1.2362830638885498,286.7287197113037,0.8,SAGE,OLD
0.9429052063658205,0.7787487324428122,0.9570697804509606,0.8679092564468864,0.9513381482555893,0.7882535084133047,0.9645987320079,0.8764261202106023,0.9724861487681243,1.7713677883148193,286.7287197113037,0.8,SAGE,OLD
0.9434219873879591,0.779043158178597,0.957420613262947,0.868231885720772,0.9517543031576176,0.7879544392738713,0.9649679929285875,0.8764612161012294,0.9719556053415087,1.4865999221801758,286.7287197113037,0.8,SAGE,OLD
0.9639246561955765,0.7132526258853769,0.9739797218284405,0.8436161738569087,0.9610298863141438,0.641023271315094,0.9723351967102589,0.8066792340126765,0.9973113929816045,0.5697438716888428,14.522024154663086,0.2,RGCN,OLD
0.9638120454951364,0.7131790454067161,0.9738891917552112,0.8435341185809636,0.9609307697449531,0.6407191724741745,0.9722698781389039,0.8064945253065392,0.9973928834708812,0.32482099533081055,14.522024154663086,0.2,RGCN,OLD
0.9641814028323488,0.7153862499501705,0.9741984608786528,0.8447923554144117,0.961220039581734,0.642546673277145,0.972484246927563,0.807515460102354,0.9973321526179517,3.660189628601074,14.522024154663086,0.2,RGCN,OLD
0.9637342520470168,0.7142454700429842,0.9736692829264314,0.8439573764847078,0.9607946093263079,0.6410244996158099,0.9719608776919251,0.8064926886538675,0.9970928611892922,0.3016352653503418,14.522024154663086,0.2,RGCN,OLD
0.9639876912725333,0.7137311600595635,0.9740290341558037,0.8438800971076836,0.9610475272116478,0.6406997358608659,0.9723519847063858,0.8065258602836258,0.9972746811993023,0.31172704696655273,14.522024154663086,0.2,RGCN,OLD
0.9655950395077136,0.7385897254843161,0.9765860661822413,0.8575878958332788,0.9633999171006427,0.6698328005485109,0.976001852439901,0.822917326494206,0.997267832391513,0.31592631340026855,89.61153554916382,0.4,RGCN,OLD
0.9654000548376718,0.7369417868751353,0.9765632828627364,0.8567525348689359,0.963171720725961,0.6705649520507175,0.975919937119729,0.8232424445852233,0.9970976408004009,0.33386731147766113,89.61153554916382,0.4,RGCN,OLD
0.9654213113870422,0.73369427236911,0.9766602545575167,0.8551772634633134,0.9631992940182191,0.6667260780699518,0.976034041937986,0.8213800600039689,0.9971081221267736,0.6998944282531738,89.61153554916382,0.4,RGCN,OLD
0.9653908171607324,0.7369819011781105,0.9765054430686961,0.8567436721234033,0.9631531166213112,0.6706640711134122,0.9758223670126467,0.8232432190630294,0.9971550004799437,0.9838287830352783,89.61153554916382,0.4,RGCN,OLD
0.9653412053624866,0.7365406451925264,0.9764814713801324,0.8565110582863293,0.9631294752237134,0.6692580109525087,0.9758677530018103,0.8225628819771595,0.9971972894991189,1.3720276355743408,89.61153554916382,0.4,RGCN,OLD
0.8985930078872784,0.77380261808223,0.904907383639555,0.8393550008608925,0.9337901898124144,0.7206750064285896,0.943185310969624,0.8319301586991068,0.9992097601552752,2.11260724067688,167.98638701438904,0.6000000000000001,RGCN,OLD
0.8973478482303664,0.7686411737727363,0.9038160285528734,0.8362286011628048,0.9330404672256064,0.7171798230931418,0.9425388178428493,0.8298593204679956,0.9991763471864111,0.5307152271270752,167.98638701438904,0.6000000000000001,RGCN,OLD
0.8985370209903948,0.7729858383208273,0.9049151497400079,0.8389504940304175,0.9337855439831155,0.7198039734618618,0.9432314429988926,0.8315177082303772,0.9991460635726203,2.237642288208008,167.98638701438904,0.6000000000000001,RGCN,OLD
0.8978682871921957,0.7715608726948453,0.904307869059958,0.8379343708774016,0.9333435503708916,0.719138564519076,0.9428810508725299,0.831009807695803,0.9990928714720211,0.4457089900970459,167.98638701438904,0.6000000000000001,RGCN,OLD
0.8976511857567347,0.7713055057352135,0.9040752073867423,0.8376903565609779,0.9332516609618571,0.7197612994666778,0.9427432874508935,0.8312522934587856,0.9990920558351007,0.8072285652160645,167.98638701438904,0.6000000000000001,RGCN,OLD
0.9632656442177617,0.7978036388735332,0.9737887746263971,0.8857962067499652,0.9623982574140044,0.7497109552150552,0.974126071481077,0.861918513348066,0.9970893388746426,2.9855926036834717,289.5836455821991,0.8,RGCN,OLD
0.9631104373133834,0.7965432506219069,0.9736388304188387,0.8850910405203728,0.9622730320623158,0.7499970661492317,0.973960212099971,0.8619786391246014,0.9973539518900343,1.3586046695709229,289.5836455821991,0.8,RGCN,OLD
0.963253095560706,0.7981831600558296,0.9737368018872656,0.8859599809715476,0.9624546355411389,0.750501558768176,0.9741266899309544,0.8623141243495652,0.997428908206866,1.930480718612671,289.5836455821991,0.8,RGCN,OLD
0.9635636111889317,0.7959491134977567,0.9741760500095724,0.8850625817536646,0.9625544561453325,0.7502937268493232,0.9743071317149284,0.8623004292821258,0.9972641361153679,1.3884758949279785,289.5836455821991,0.8,RGCN,OLD
0.9632825814631312,0.7976907739517302,0.9738032855667765,0.8857470297592533,0.9624200706354666,0.7507326949792914,0.9741185979866865,0.8624256464829889,0.9970717998604685,1.8505356311798096,289.5836455821991,0.8,RGCN,OLD
0.8722440449501292,0.5637807017892645,0.8888185116762743,0.7262996067327694,0.9157825926442018,0.5939458367965766,0.9320024397683448,0.7629741382824607,0.9687385591099149,3.8569257259368896,19.186025857925415,0.2,GAT,OLD
0.8741964779917998,0.564650740624919,0.8906376616701295,0.7276442011475243,0.9160570427367811,0.5957340957135702,0.9321830991476546,0.7639585974306125,0.9701930649466923,3.8921680450439453,19.186025857925415,0.2,GAT,OLD
0.8726246877994142,0.5634025756329046,0.8891853231491957,0.7262939493910502,0.9159040960512903,0.5937124091476623,0.9321975330381398,0.7629549710929011,0.9681587375867124,4.36617374420166,19.186025857925415,0.2,GAT,OLD
0.8748773286443745,0.5642442565337095,0.891452200753015,0.7278482286433623,0.9166622283418537,0.5947101452256796,0.9328324761988227,0.7637713107122511,0.968979441973759,4.415885925292969,19.186025857925415,0.2,GAT,OLD
0.8729253611131426,0.5629022359975508,0.8892294220505085,0.7260658290240296,0.9158330703060034,0.5927573137719562,0.9319908471648826,0.7623740804684194,0.9684312336284494,4.340467929840088,19.186025857925415,0.2,GAT,OLD
0.8140177629953561,0.5819237377578437,0.827717817901509,0.7048207778296763,0.8922985408517832,0.6215209896438947,0.9090836223292929,0.7653023059865938,0.9221297308397931,1.955369234085083,100.80969262123108,0.4,GAT,OLD
0.8170583445062332,0.5830438448248461,0.8307367408186878,0.7068902928217669,0.8934630819639037,0.6226220550031655,0.9102297618226507,0.7664259084129081,0.923825914330122,1.220320463180542,100.80969262123108,0.4,GAT,OLD
0.8151877135902292,0.5823284685993827,0.8288795771408346,0.7056040228701086,0.8929395526291822,0.6210219404742581,0.909692312331527,0.7653571264028926,0.9233916348596853,1.2264461517333984,100.80969262123108,0.4,GAT,OLD
0.8142530330422852,0.5827980225745383,0.8278404143959035,0.7053192184852208,0.892326022682533,0.6215580807588679,0.9090316128839702,0.765294846821419,0.9217382563533743,1.238219976425171,100.80969262123108,0.4,GAT,OLD
0.8133327657507814,0.5833439629189582,0.8267039524038418,0.7050239576613999,0.8920826790293517,0.6214539092880541,0.9087129763689511,0.7650834428285026,0.9229047401655674,4.9008095264434814,100.80969262123108,0.4,GAT,OLD
0.7940799346750809,0.6029277733410883,0.806470708408224,0.7046992408746562,0.8800056904690411,0.6533887093404103,0.8961851749775565,0.7747869421589834,0.9015366838900736,3.9475457668304443,174.29733443260193,0.6000000000000001,GAT,OLD
0.7964152562794153,0.6040713383993092,0.808887142773453,0.7064792405863811,0.8813451907814884,0.6527020648628247,0.8976418866255019,0.7751719757441633,0.9023463504935825,2.65417742729187,174.29733443260193,0.6000000000000001,GAT,OLD
0.7946743858375315,0.6046295778068665,0.8071050805659766,0.7058673291864216,0.880226770091497,0.6545551453427942,0.8964290613478629,0.7754921033453286,0.8988981205143728,3.627052068710327,174.29733443260193,0.6000000000000001,GAT,OLD
0.7944046055819188,0.6025831025093521,0.8069903250744515,0.7047867137919017,0.8799573808420452,0.6519431331143448,0.896342185457404,0.7741426592858744,0.898553515724191,3.203824520111084,174.29733443260193,0.6000000000000001,GAT,OLD
0.7958739944132899,0.6047355582937878,0.80825251842446,0.7064940383591238,0.881084895477092,0.6531283971329814,0.8973088737436304,0.7752186354383059,0.9005089250654693,3.09332013130188,174.29733443260193,0.6000000000000001,GAT,OLD
0.8089001343113986,0.6075107254273427,0.8235521632715611,0.7155314443494519,0.8903371384622827,0.6625061802521068,0.9081159649525257,0.7853110726023163,0.9178663557269795,3.967046022415161,299.91018295288086,0.8,GAT,OLD
0.8077963230413385,0.6070836730742621,0.8221667011675021,0.7146251871208822,0.8899389709183261,0.6634060176424442,0.9076227903384472,0.7855144039904457,0.916105320779214,2.02309250831604,299.91018295288086,0.8,GAT,OLD
0.8093382746327851,0.6044190193960126,0.8242397497799328,0.7143293845879727,0.8906117133766387,0.6610369663039791,0.9086326199646605,0.7848347931343198,0.9187936651561194,1.6619410514831543,299.91018295288086,0.8,GAT,OLD
0.8056961804295394,0.6037081679242244,0.8200154974667493,0.7118618326954869,0.8887457473351469,0.6596205678638538,0.9065600928241663,0.78309033034401,0.9179958580536337,2.110762596130371,299.91018295288086,0.8,GAT,OLD
0.8057525046743809,0.6030543838736513,0.8205394380243817,0.7117969109490165,0.888843534815628,0.6606675189962246,0.9067810178905755,0.7837242684434,0.9168560019298281,1.3822274208068848,299.91018295288086,0.8,GAT,OLD
0.9200333907706081,0.6072667607332451,0.934322941566589,0.7707948511499171,0.9267510237462726,0.5689025166270028,0.9442281247669018,0.7565653206969523,0.9281829648284013,2.062769889831543,19.12239956855774,0.2,simple HGN,OLD
0.9210175528277225,0.6073576251557208,0.9353936231097286,0.7713756241327248,0.9268899047829677,0.5689299912445025,0.9444417864085077,0.7566858888265051,0.9304369718739426,4.112178087234497,19.12239956855774,0.2,simple HGN,OLD
0.9190966677180745,0.6090650103682885,0.9333264735828889,0.7711957419755887,0.926461979952973,0.5701976955338218,0.9439425228297988,0.7570701091818104,0.9265692587179435,4.785468339920044,19.12239956855774,0.2,simple HGN,OLD
0.919253331576876,0.6070366181996765,0.9333213312419079,0.7701789747207921,0.9270476814854637,0.5713657320924624,0.9443311961824162,0.7578484641374393,0.9290318337686356,4.533494710922241,19.12239956855774,0.2,simple HGN,OLD
0.9200791346976527,0.6065494617393727,0.9343534769789136,0.7704514693591431,0.9268654552877339,0.5695429965673074,0.9443979758972137,0.7569704862322606,0.9305932510776573,4.92171573638916,19.12239956855774,0.2,simple HGN,OLD
0.9167740414006631,0.6593120849419009,0.9323539900902171,0.7958330375160589,0.9177397172967838,0.6271806279581151,0.9367022344514376,0.7819414312047763,0.8830638757411335,2.634507656097412,109.53616976737976,0.4,simple HGN,OLD
0.9159354014411548,0.6631990802741554,0.9313394224558205,0.7972692513649879,0.9179812905598184,0.6296825967235335,0.9368423593382602,0.7832624780308969,0.882704844091207,1.175583839416504,109.53616976737976,0.4,simple HGN,OLD
0.9168266725270952,0.660506260953995,0.9323995266820673,0.7964528938180311,0.9175046334213546,0.6268065012337162,0.9365068575629127,0.7816566793983144,0.8833302096776037,1.170729398727417,109.53616976737976,0.4,simple HGN,OLD
0.9160810979141988,0.6630988681931722,0.9314559473412309,0.7972774077672016,0.9175093999732524,0.6313886253646096,0.9362398514551266,0.7838142384098681,0.8830168606543708,1.2654736042022705,109.53616976737976,0.4,simple HGN,OLD
0.9170238505267285,0.6623058127045908,0.9325038720333022,0.7974048423689465,0.9180864945751849,0.6288712143474435,0.9369484538964566,0.78290983412195,0.8832062233680432,1.193331003189087,109.53616976737976,0.4,simple HGN,OLD
0.8996244741182895,0.706075592749414,0.914018259287955,0.8100469260186844,0.8989010945729797,0.6790688841201951,0.9161853816095958,0.7976271328648954,0.8364203727424219,3.6170430183410645,191.36813950538635,0.6000000000000001,simple HGN,OLD
0.9008123893462603,0.7058611334258247,0.9153229384530924,0.8105920359394585,0.8990698509513222,0.6782618627999983,0.9164521859479327,0.7973570243739655,0.8382064692313187,3.184523344039917,191.36813950538635,0.6000000000000001,simple HGN,OLD
0.8987185966653656,0.7037654282512654,0.9132214958352896,0.8084934620432775,0.8984443566555331,0.6759271479903424,0.9159297992147323,0.7959284736025374,0.8351756321631416,3.1003518104553223,191.36813950538635,0.6000000000000001,simple HGN,OLD
0.9002490037200914,0.704308000275055,0.9147901997669504,0.8095491000210027,0.8992259050150603,0.6777128659366183,0.9166932183682516,0.797203042152435,0.8365832974894137,3.37013578414917,191.36813950538635,0.6000000000000001,simple HGN,OLD
0.9004404633235573,0.7032623484577947,0.9150405466232627,0.8091514475405287,0.8992369342383554,0.6777182269899755,0.9166789781126047,0.79719860255129,0.8371061070080943,3.1040046215057373,191.36813950538635,0.6000000000000001,simple HGN,OLD
0.9141842451074893,0.7396430944577379,0.928681463977429,0.8341622792175835,0.9163048602929044,0.7195419349354741,0.9327044794996208,0.8261232072175475,0.8631563755476647,4.818296194076538,364.87083745002747,0.8,simple HGN,OLD
0.9128711867641,0.7420990562598616,0.9272524203694303,0.8346757383146459,0.9155542610131715,0.7217655748357793,0.9317985299350932,0.8267820523854362,0.861586977546087,2.185760974884033,364.87083745002747,0.8,simple HGN,OLD
0.9134438956188665,0.7414238548508557,0.9277835455030867,0.8346037001769713,0.9160516278509228,0.7207032942238345,0.9323018820851374,0.826502588154486,0.8631784142180269,1.598367691040039,364.87083745002747,0.8,simple HGN,OLD
0.9130078682108477,0.7389939096663817,0.9276010243640702,0.833297467015226,0.9153444257172438,0.7208243312356402,0.9317134785511634,0.8262689048934018,0.8621159729873652,1.6743905544281006,364.87083745002747,0.8,simple HGN,OLD
0.9126745016908415,0.7401291188315745,0.9271873948044212,0.8336582568179979,0.9148059080168318,0.7210375750379336,0.9311191855154929,0.8260783802767133,0.8616043118078608,1.590338945388794,364.87083745002747,0.8,simple HGN,OLD
0.9608669406434978,0.7267463227194072,0.970325070478115,0.8485356965987612,0.9612613849557402,0.6678656336302748,0.9712367184500815,0.8195511760401781,0.99173829364901,7.4902544021606445,107.54604196548462,0.2,HGT,OLD
0.9609526951303281,0.7253541631409226,0.9704927670847949,0.8479234651128588,0.9610550546813748,0.6647112386824112,0.9711230706884365,0.8179171546854238,0.9922423299830389,3.618805170059204,107.54604196548462,0.2,HGT,OLD
0.9595142364214637,0.7308170915196075,0.9688821198449543,0.8498496056822809,0.9608491284774785,0.6736054405900452,0.9706868508495887,0.8221461457198169,0.9908072056563498,3.4258766174316406,107.54604196548462,0.2,HGT,OLD
0.9605136528053378,0.7310365632283554,0.9697335049869311,0.8503850341076433,0.9609647793645547,0.6729663045072902,0.9707427146355175,0.8218545095714038,0.9916198329271911,3.8817176818847656,107.54604196548462,0.2,HGT,OLD
0.9608090678220945,0.7290657382154522,0.9701887668097308,0.8496272525125914,0.9612761649784055,0.6721450407058203,0.9711902991237125,0.8216676699147664,0.9919968584566868,3.3366119861602783,107.54604196548462,0.2,HGT,OLD
0.956993351512726,0.7435518387657885,0.968414630222807,0.8559832344942977,0.9566031992794343,0.7017226703188941,0.9688499546651392,0.8352863124920167,0.9936877725821109,2.9285054206848145,217.54015946388245,0.4,HGT,OLD
0.9569932246273094,0.7409658412463468,0.9685384374525577,0.8547521393494523,0.9562983993838503,0.6988884606369863,0.9687148027106187,0.8338016316738025,0.9938651571200636,4.312931776046753,217.54015946388245,0.4,HGT,OLD
0.9568941229168091,0.7390438986377317,0.9685129307312106,0.8537784146844711,0.9563062604339446,0.6972072899559071,0.9688138668582477,0.8330105784070774,0.9938580584323767,1.9283232688903809,217.54015946388245,0.4,HGT,OLD
0.9566041771812807,0.7423175204690742,0.968088387088268,0.8552029537786712,0.9562192469148016,0.7008498451941312,0.9685408930818623,0.8346953691379968,0.9937556025172412,1.6720905303955078,217.54015946388245,0.4,HGT,OLD
0.9569104150197562,0.7420606836374273,0.9683670322322133,0.8552138579348203,0.9561978821167474,0.6978796607272617,0.9685881063545558,0.8332338835409088,0.9941874182727841,4.211343288421631,217.54015946388245,0.4,HGT,OLD
0.9560382023412969,0.776516960880332,0.9677226821011888,0.8721198214907604,0.9537825375955385,0.747934815802372,0.9664678032031323,0.8572013095027522,0.9943192846249826,4.497138261795044,373.6736912727356,0.6000000000000001,HGT,OLD
0.9553287334781101,0.7729776827679518,0.9672572227129272,0.8701174527404395,0.9532322755207526,0.7467242589140073,0.9660686569264889,0.8563964579202481,0.9936820168750636,3.241609573364258,373.6736912727356,0.6000000000000001,HGT,OLD
0.9557601740198033,0.7736669844396004,0.9676374766463911,0.8706522305429958,0.9536253695457777,0.7480539947041301,0.9663084896340609,0.8571812421690955,0.9936204527431283,2.9275245666503906,373.6736912727356,0.6000000000000001,HGT,OLD
0.9556277106916379,0.7756082739138087,0.9674818734685009,0.8715450736911547,0.9533903647714181,0.748099299932858,0.9661903614241625,0.8571448306785102,0.9938100322637305,2.3151018619537354,373.6736912727356,0.6000000000000001,HGT,OLD
0.9553776599820676,0.774037725377579,0.9673124916972375,0.8706751085374083,0.9534292678276833,0.748229828676982,0.9661923529681173,0.8572110908225496,0.9936044228201254,3.088649034500122,373.6736912727356,0.6000000000000001,HGT,OLD
0.9573507411863497,0.7894071110358114,0.9695130205146058,0.8794600657752085,0.957520963678394,0.770849433076261,0.9704013055802255,0.8706253693282433,0.99274815535316,8.99966835975647,554.7977833747864,0.8,HGT,OLD
0.9576513218352121,0.7912041576189536,0.9697096769685197,0.8804569172937367,0.9578025375311221,0.7741491480068219,0.970523146322826,0.8723361471648239,0.993373588610702,3.0431087017059326,554.7977833747864,0.8,HGT,OLD
0.9572826372527177,0.7879729080867357,0.9695295464297753,0.8787512272582555,0.9577023566918365,0.7740943798775743,0.9704515808478984,0.8722729803627364,0.9929472310509588,1.8653554916381836,554.7977833747864,0.8,HGT,OLD
0.9570870917394474,0.7869456464572895,0.9695245826334276,0.8782351145453585,0.9575720188554145,0.771819990043038,0.9704954078723741,0.8711576989577061,0.9922317451301891,5.0543718338012695,554.7977833747864,0.8,HGT,OLD
0.9571396028043364,0.7862780253681181,0.9694960738843671,0.8778870496262425,0.9575442324514384,0.7707376501555899,0.9704491907799625,0.8705934204677762,0.9928394557422059,2.658407688140869,554.7977833747864,0.8,HGT,OLD
0.9046268523466581,0.48687917030415945,0.9240986424550708,0.7054889063796151,0.9024299394316903,0.4895884110057479,0.9238094411875334,0.7066989260966406,0.9836118116882403,1159.223373413086,46.35124754905701,0.2,SGD,OLD
0.904725785471236,0.48702690968958917,0.9242139728733476,0.7056204412814684,0.9024290843670072,0.4894467613159063,0.9238063097269065,0.7066265355214064,0.983628624598337,864.3707618713379,46.35124754905701,0.2,SGD,OLD
0.9044395966384537,0.4854152646651274,0.9240079266531295,0.7047115956591284,0.9022428305911676,0.4876762651680244,0.9236898946111272,0.7056830798895758,0.9838241389472151,782.9714391231537,46.35124754905701,0.2,SGD,OLD
0.9045902304085907,0.4882718929587598,0.923945097216999,0.7061084950878794,0.9025015594945358,0.4909150083779343,0.923774547687519,0.7073447780327267,0.9838583957533412,712.9113667011261,46.35124754905701,0.2,SGD,OLD
0.9047963266283324,0.48871362859172673,0.9241366457648083,0.7064251371782675,0.90262247700852,0.4917138652249675,0.9238813516045175,0.7077976084147425,0.9834739233919076,694.6254212856293,46.35124754905701,0.2,SGD,OLD
0.9046762585056862,0.5143918382590968,0.9240330428481126,0.7192124405536047,0.9026644213652346,0.523871601967186,0.9241737802905833,0.7240226911288846,0.9847058271010718,526.3702661991119,11.341130256652832,0.4,SGD,OLD
0.90528610533679,0.5183769272637198,0.9244129707403201,0.72139494900202,0.9034188728730828,0.5276272026048304,0.924740204823941,0.7261837037143857,0.9849792472877555,482.08701276779175,11.341130256652832,0.4,SGD,OLD
0.9053458316872031,0.516855445724173,0.9245802279169417,0.7207178368205573,0.903430805874333,0.5257507563849582,0.9248590909992379,0.7253049236920981,0.9846671092285314,463.880126953125,11.341130256652832,0.4,SGD,OLD
0.9048385918639272,0.5180744188788007,0.9239688093571888,0.7210216141179948,0.9030004144181221,0.5270698009051608,0.9243303750458091,0.7257000879754849,0.9845538631403757,454.81216073036194,11.341130256652832,0.4,SGD,OLD
0.9051486217907116,0.5161044301503617,0.924441522013529,0.7202729760819453,0.9032356704029706,0.5258590576015172,0.9246833662656829,0.7252712119336,0.984749346182273,412.9519913196564,11.341130256652832,0.4,SGD,OLD
0.9055556012181869,0.5327874438337028,0.9250567868210777,0.7289221153273903,0.9035867597286273,0.54952589050924,0.9251197523495046,0.7373228214293723,0.9847408614076436,195.70589590072632,178.08324241638184,0.6000000000000001,SGD,OLD
0.9052404139521023,0.5334307190391623,0.924757098724215,0.7290939088816886,0.903207662224791,0.5489185963419445,0.9247767677248535,0.736847682033399,0.9847603601034525,193.32160449028015,178.08324241638184,0.6000000000000001,SGD,OLD
0.9054213420419204,0.5325236510944427,0.9249510953813547,0.7287373732378987,0.9033020341995239,0.5490040389960515,0.9248750855467889,0.7369395622714202,0.9839688911603298,185.13185000419617,178.08324241638184,0.6000000000000001,SGD,OLD
0.9055795673312345,0.5334130520573317,0.9250784274643591,0.7292457397608454,0.9035936903633305,0.5490320178840011,0.9251400152112994,0.7370860165476503,0.9843750866683307,158.9032757282257,178.08324241638184,0.6000000000000001,SGD,OLD
0.9057192810984656,0.5338735687386634,0.9251506869695414,0.7295121278541024,0.9038619206527851,0.5490894025457911,0.9253710286963703,0.7372302156210807,0.9843092000388127,146.93845558166504,178.08324241638184,0.6000000000000001,SGD,OLD
0.9004858319039462,0.5333114526310763,0.92307662424152,0.7281940384362982,0.8985088945886203,0.5469339293367366,0.9233666692124936,0.7351502992746151,0.9846204104891876,2.3078205585479736,609.6492898464203,0.8,SGD,OLD
0.8988926078793816,0.5308608830723088,0.9215588753522436,0.7262098792122762,0.8973854913969278,0.5454770727593008,0.922337737301882,0.7339074050305914,0.9840069079178061,2.3009257316589355,609.6492898464203,0.8,SGD,OLD
0.8999003483740429,0.5317964467958729,0.9225728823361218,0.7271846645659974,0.8980221583961122,0.5450645792439418,0.9229929053013011,0.7340287422726215,0.9846027068555433,2.264551877975464,609.6492898464203,0.8,SGD,OLD
0.8996872842485814,0.5320382976688622,0.9223311610958289,0.7271847293823456,0.8979526151122108,0.545029042193129,0.9229018737404189,0.7339654579667739,0.9840060372846533,2.2616968154907227,609.6492898464203,0.8,SGD,OLD
0.8992527495253987,0.5309240105466211,0.9218905966900418,0.7264073036183314,0.8977900208226993,0.5448843616671203,0.9227433270241447,0.7338138443456326,0.9838408552702688,2.2776026725769043,609.6492898464203,0.8,SGD,OLD
0.9373948550277861,0.8708978997759634,0.9899504816304144,0.9304241907031889,0.9075687072491168,0.817482778115928,0.98860614652999,0.903044462322959,0.9937743012537303,2.642881393432617,28.841567993164062,0.2,HGE,LiO
0.9374256782074255,0.8706143199758287,0.9902701309252644,0.9304422254505466,0.9074368766872288,0.8168736287346363,0.9889284518330788,0.9029010402838575,0.9939036010756459,3.727764129638672,28.841567993164062,0.2,HGE,LiO
0.9377445679324597,0.8716122936284103,0.9898710292869349,0.9307416614576727,0.9079906950521621,0.8185851317860933,0.9882206593211648,0.9034028955536291,0.9935084870819973,4.236884832382202,28.841567993164062,0.2,HGE,LiO
0.9377626919145851,0.8714757083734253,0.9900418098538657,0.9307587591136455,0.9078451888534318,0.8179317642947731,0.9883640710782305,0.9031479176865018,0.9936149989086884,3.677912473678589,28.841567993164062,0.2,HGE,LiO
0.9372001794446219,0.870199808415782,0.9902803789648899,0.9302400936903359,0.9072512333314959,0.8165150740648275,0.9889948812021025,0.902754977633465,0.9936297302296601,3.9005465507507324,28.841567993164062,0.2,HGE,LiO
0.9470386804814611,0.8798362495765184,0.9904502354402765,0.9351432425083974,0.9306982318165686,0.8366033946368419,0.9897057583831161,0.913154576509979,0.9942480003638655,4.281836748123169,128.15967988967896,0.4,HGE,LiO
0.947335174500243,0.8805129306001142,0.9905053879421847,0.9355091592711494,0.9311815157027478,0.8374464872311611,0.9897803994612135,0.9136134433461873,0.9946393831862356,4.31169867515564,128.15967988967896,0.4,HGE,LiO
0.9472384850911849,0.8804846994072668,0.9902237705131306,0.9353542349601986,0.9309756298726002,0.8371346405077404,0.9894848741343782,0.9133097573210593,0.9943049770025166,0.8732473850250244,128.15967988967896,0.4,HGE,LiO
0.9474092010994566,0.880758137733541,0.9904302675815302,0.9355942026575356,0.9312347256020577,0.8378771461086251,0.9896615225284227,0.9137693343185238,0.9943682979138234,3.6843347549438477,128.15967988967896,0.4,HGE,LiO
0.9468369121159589,0.8798600934140696,0.9901928948064271,0.9350264941102484,0.9305981336906879,0.8366903747932529,0.9895064920768761,0.9130984334350645,0.9943564560365106,1.3929038047790527,128.15967988967896,0.4,HGE,LiO
0.9508392372037564,0.8826758315466474,0.9926181141838168,0.9376469728652321,0.9392992433983559,0.8487506829775746,0.9918803118016477,0.9203154973896112,0.9951127372241061,4.253425598144531,205.0671784877777,0.6000000000000001,HGE,LiO
0.9509275190014351,0.8836186017022327,0.9923913229783237,0.9380049623402782,0.9397214445859747,0.850004758606338,0.9918751452232728,0.9209399519148054,0.9949826511225481,0.9424443244934082,205.0671784877777,0.6000000000000001,HGE,LiO
0.9510482620077725,0.8834150482943415,0.9927596728927593,0.9380873605935505,0.939649412471933,0.8496250865294045,0.9921398553504804,0.9208824709399425,0.9949902209064536,0.9395883083343506,205.0671784877777,0.6000000000000001,HGE,LiO
0.9508746230756163,0.8826753397968433,0.9924555558066659,0.9375654478017545,0.9394257984073173,0.8484339465432349,0.9917431922695632,0.920088569406399,0.9950093481834207,0.87221360206604,205.0671784877777,0.6000000000000001,HGE,LiO
0.9507520379593538,0.8830250973339693,0.9922173434696473,0.9376212204018083,0.9393629785207883,0.8486708960509666,0.9917456118672762,0.9202082539591214,0.9950705565716496,0.8723514080047607,205.0671784877777,0.6000000000000001,HGE,LiO
0.9512127926723112,0.8883085113416126,0.9927458464652972,0.9405271789034548,0.9375181729821427,0.8566142857545425,0.9926228921418745,0.9246185889482085,0.9965122993417252,0.9555308818817139,262.4531099796295,0.8,HGE,LiO
0.9508364967062128,0.887619985139591,0.9922816516381309,0.939950818388861,0.9374381906449345,0.8564482465307867,0.992304023145125,0.9243761348379558,0.9966170819566481,1.5010592937469482,262.4531099796295,0.8,HGE,LiO
0.9512649129313016,0.887966493944963,0.9926524080458214,0.9403094509953922,0.9378391273548139,0.8570313286396198,0.9925122833286024,0.9247718059841111,0.9964480401071961,2.6305439472198486,262.4531099796295,0.8,HGE,LiO
0.950899874328841,0.8884618111616822,0.9923462453882335,0.9404040282749578,0.9371798720198462,0.8565867289509195,0.9924453201614146,0.924516024556167,0.9963279199238468,2.983003616333008,262.4531099796295,0.8,HGE,LiO
0.9507438876383053,0.8874175122900543,0.9923072910073321,0.9398624016486932,0.9371166423085088,0.8562150281037804,0.9921392979621915,0.9241771630329859,0.9965615295124366,2.4059488773345947,262.4531099796295,0.8,HGE,LiO
0.9785589900179514,0.9569047473505725,0.9914684510304578,0.9741865991905152,0.9775938205075785,0.9541581355475003,0.9908189004965192,0.9724885180220098,0.9974067299375862,4.266936779022217,63.72056484222412,0.2,R-HGE,LiO
0.9787938856309465,0.957099025386097,0.9918803192180327,0.9744896723020648,0.9777111370842406,0.9542464413653076,0.991042803282228,0.9726446223237678,0.9974419307065746,4.316372394561768,63.72056484222412,0.2,R-HGE,LiO
0.978689298124794,0.9574067766439522,0.9913905434424952,0.9743986600432237,0.9776501220529122,0.9545224603735353,0.9906014961285047,0.97256197825102,0.99747402479836,4.142840623855591,63.72056484222412,0.2,R-HGE,LiO
0.9790690761831059,0.9577237279909453,0.9917809841164944,0.9747523560537199,0.977956727796486,0.9548558978734415,0.9908928684616977,0.9728743831675696,0.9976069095614486,4.239364147186279,63.72056484222412,0.2,R-HGE,LiO
0.9787089839864221,0.9574119731846148,0.9917478544537439,0.9745799138191793,0.9777553635009494,0.95452001273091,0.9911898908815291,0.9728549518062195,0.9974390801912049,4.307599782943726,63.72056484222412,0.2,R-HGE,LiO
0.9738295681473564,0.943669856684095,0.9920297493580886,0.9678498030210918,0.9712221080853569,0.9396319455760644,0.9907727847034694,0.965202365139767,0.9963779752429097,4.215171575546265,139.3527615070343,0.4,R-HGE,LiO
0.974001376888534,0.9438680703016404,0.9923374779158877,0.968102774108764,0.9713084046688256,0.9395192150615808,0.9911662077753461,0.9653427114184634,0.996592814526926,0.8824367523193359,139.3527615070343,0.4,R-HGE,LiO
0.9735228864439832,0.9442944070028765,0.9914126826765,0.9678535448396882,0.9708750013092099,0.9398245069809703,0.9901598615108939,0.9649921842459321,0.9963871170702076,4.233503103256226,139.3527615070343,0.4,R-HGE,LiO
0.974393983185797,0.9441243670515713,0.9926478110236545,0.9683860890376129,0.9716236434592487,0.9398808689271443,0.9913547266391838,0.965617797783164,0.9966151079915946,0.8994083404541016,139.3527615070343,0.4,R-HGE,LiO
0.9743677697885574,0.9437351898280922,0.9928104813791755,0.9682728356036339,0.9714928996625705,0.9393430703377134,0.9914816808065469,0.9654123755721301,0.9967077520136155,3.166328191757202,139.3527615070343,0.4,R-HGE,LiO
0.9823384456313954,0.9576789641475558,0.9952571837601599,0.9764680739538578,0.9816729923588269,0.9576380392615987,0.994403484250248,0.9760207617559233,0.9981014635016955,4.226176977157593,222.7971396446228,0.6000000000000001,R-HGE,LiO
0.9820786869624046,0.9574566447041524,0.9951631434730397,0.976309894088596,0.9814335245752411,0.9571156664030254,0.9944728626366443,0.9757942645198348,0.9981744283195523,0.8895905017852783,222.7971396446228,0.6000000000000001,R-HGE,LiO
0.9822776002291143,0.9579297542491011,0.9951744205162255,0.9765520873826633,0.9816205520772363,0.9575725651951644,0.9944375180372644,0.9760050416162145,0.9982428841489513,1.5871670246124268,222.7971396446228,0.6000000000000001,R-HGE,LiO
0.9820690924280321,0.9571775992231973,0.9952099235790053,0.9761937614011014,0.9813098312170384,0.9566706099921337,0.9944002954271693,0.9755354527096516,0.9981429959961834,0.8875179290771484,222.7971396446228,0.6000000000000001,R-HGE,LiO
0.9825829507437615,0.9584456735686088,0.9953975253519929,0.9769215994603009,0.9818433303753308,0.9579331957502264,0.9946359929198129,0.9762845943350196,0.9982587619514952,0.8899202346801758,222.7971396446228,0.6000000000000001,R-HGE,LiO
0.9867871611742696,0.9672257310180971,0.9962553333356816,0.9817405321768893,0.9867248803633615,0.9688352849718298,0.9959373827925437,0.9823863338821868,0.9987777649459139,1.080683708190918,307.0279724597931,0.8,R-HGE,LiO
0.986481700802292,0.9664684286022529,0.9962222136238119,0.9813453211130324,0.9864198102175785,0.9681669965675815,0.9958663443065843,0.982016670437083,0.9988758073747036,1.394092082977295,307.0279724597931,0.8,R-HGE,LiO
0.9866285915872426,0.9669337484191848,0.9961840352561033,0.9815588918376441,0.9865525553335598,0.9686792375629336,0.9957772637724878,0.9822282506677107,0.9988958011576046,2.696995496749878,307.0279724597931,0.8,R-HGE,LiO
0.9864605230566161,0.9668498928801581,0.9960044390142547,0.9814271659472065,0.9863915717188443,0.968338595148852,0.9956988743276296,0.9820187347382408,0.9987584253997558,2.540924549102783,307.0279724597931,0.8,R-HGE,LiO
0.9865349501610939,0.9667647067902188,0.9960818858427264,0.9814232963164726,0.9864430689110979,0.9684144258922021,0.9956763611122721,0.9820453935022371,0.9988402222927302,2.2721078395843506,307.0279724597931,0.8,R-HGE,LiO
0.8648635536371874,0.8614248095913328,0.8553130715315514,0.8583689405614421,0.8036844025740719,0.8560586966349766,0.7349330299614334,0.795495863298205,0.8391893023835683,4.816989421844482,35.17039132118225,0.2,VGAE,LiO
0.865327806486008,0.8614210183527481,0.8561374280741001,0.8587792232134241,0.8041435135768518,0.8559283704618472,0.7359540720317451,0.7959412212467962,0.8397394676331891,4.703988313674927,35.17039132118225,0.2,VGAE,LiO
0.8661959696644803,0.8650007898765767,0.8557977232395685,0.8603992565580726,0.8050086354240046,0.8590766356155879,0.7354935991143742,0.7972851173649811,0.8400218625830554,4.634989261627197,35.17039132118225,0.2,VGAE,LiO
0.8647921849799148,0.860496627372622,0.855876924201039,0.8581867757868304,0.8036473148850627,0.8553034483638822,0.7355569998005703,0.7954302240822262,0.8390856172926118,3.8281853199005127,35.17039132118225,0.2,VGAE,LiO
0.8654699066975737,0.8637626151845232,0.8550208765630485,0.8593917458737859,0.8041142901588291,0.8580958072829927,0.734404152106418,0.7962499796947053,0.8391957097100354,4.6151158809661865,35.17039132118225,0.2,VGAE,LiO
0.8619918694964742,0.863008142243621,0.8407893530684469,0.851898747656034,0.7986685577500712,0.8556999080823169,0.7156707236695042,0.7856853158759105,0.8224854832805945,4.984772443771362,166.3533844947815,0.4,VGAE,LiO
0.8634457454980374,0.8639190609546912,0.8438198413165718,0.8538694511356315,0.8001252441336834,0.857107686478296,0.7172311053206765,0.7871693958994863,0.8234403095334035,4.916239261627197,166.3533844947815,0.4,VGAE,LiO
0.8627626251205275,0.8669245274892625,0.8362045863529441,0.8515645569211033,0.8012102803623281,0.8600491539747475,0.7170178428183238,0.7885334983965356,0.8234158856200642,4.669973134994507,166.3533844947815,0.4,VGAE,LiO
0.8614477929988045,0.8614436784550087,0.8420348552806242,0.8517392668678164,0.7977763103483063,0.853628568557625,0.7157414275518414,0.7846849980547332,0.822350577327181,4.092294692993164,166.3533844947815,0.4,VGAE,LiO
0.8635473546495814,0.8636385037576445,0.8442991875029766,0.8539688456303105,0.8001797658404763,0.8562994863240367,0.7176914984195656,0.7869954923718012,0.8232920311771657,5.060410976409912,166.3533844947815,0.4,VGAE,LiO
0.8520461748347873,0.9031676687084949,0.7806498553482984,0.8419087620283967,0.776419727590442,0.9005866918660763,0.6261275709920066,0.7633571314290415,0.7647102742578382,4.801514148712158,238.57064247131348,0.6000000000000001,VGAE,LiO
0.8531458794754132,0.9040351605176918,0.7852327586319755,0.8446339595748337,0.7765831969037198,0.9015695152121043,0.6260304768601468,0.7637999960361255,0.765100510505957,1.6661155223846436,238.57064247131348,0.6000000000000001,VGAE,LiO
0.8519090268133205,0.9027763826959141,0.7822239787140768,0.8425001807049954,0.7759444996290809,0.9001020364352128,0.6257677912173144,0.7629349138262635,0.7646114222190517,4.840834617614746,238.57064247131348,0.6000000000000001,VGAE,LiO
0.8521168188521041,0.9039047330653389,0.7806591329239837,0.8422819329946614,0.7763777977139059,0.9010075350335358,0.6259037131159354,0.7634556240747357,0.7651705114600703,2.659689426422119,238.57064247131348,0.6000000000000001,VGAE,LiO
0.8526227258117499,0.903748952791648,0.7824926003146625,0.8431207765531552,0.7765460619502302,0.900887959546698,0.6260538493624069,0.7634709044545525,0.7649508557493568,4.988871812820435,238.57064247131348,0.6000000000000001,VGAE,LiO
0.9609661995821057,0.9109756039968508,0.986780418449175,0.9488780112230129,0.9625721509396774,0.9077113981133518,0.9903781945318698,0.9490447963226107,0.9979320649035686,5.149355173110962,290.16615295410156,0.8,VGAE,LiO
0.9613089082006906,0.9108311842684135,0.9871901153407481,0.9490106498045807,0.9628641805152487,0.9072454295466054,0.9908572021560138,0.9490513158513096,0.9982594853001294,3.451068162918091,290.16615295410156,0.8,VGAE,LiO
0.9605330793451289,0.910774273370168,0.9865418982621953,0.9486580858161817,0.9623051623394364,0.9075365689308518,0.9903157362518974,0.9489261525913746,0.9980022352036323,2.8654468059539795,290.16615295410156,0.8,VGAE,LiO
0.9608436096981934,0.9113116866209173,0.9866737516995421,0.9489927191602296,0.9626496447036439,0.9077686641430224,0.9905936655887779,0.9491811648659001,0.9980168459918655,2.7697792053222656,290.16615295410156,0.8,VGAE,LiO
0.9613153722283473,0.9104011965240935,0.9873736508642561,0.9488874236941748,0.9627350296595758,0.9071896685073845,0.9907740189771914,0.9489818437422879,0.9980289788187333,2.800321578979492,290.16615295410156,0.8,VGAE,LiO
0.8687743527671067,0.8953318276177417,0.8488876769485162,0.8721097522831289,0.8130879661626695,0.8936300350081308,0.7345673496783802,0.8140986923432555,0.8423607377451553,0.7371985912322998,7.172969818115234,0.2,GCN,LiO
0.8905030245316599,0.8939486611867308,0.8883599825572244,0.8911543218719775,0.8547892537041659,0.8920594318275338,0.8174752393547076,0.8547673355911207,0.8900776530652013,2.315183401107788,7.172969818115234,0.2,GCN,LiO
0.8849942885052008,0.8951880964351246,0.8775788403927222,0.8863834684139233,0.845253297918015,0.893420782185854,0.7979770891130618,0.8456989356494579,0.8790650679531133,3.8189096450805664,7.172969818115234,0.2,GCN,LiO
0.8815243347024428,0.8954711289966242,0.8703638447028084,0.8829174868497163,0.8378048533834515,0.8933214687098814,0.782963893420451,0.8381426810651662,0.8692183870414542,3.9706008434295654,7.172969818115234,0.2,GCN,LiO
0.8946247700819577,0.8952045223977018,0.8960525097022873,0.8956285160499946,0.8619563843136264,0.8931457566099302,0.8314842364787115,0.8623149965443209,0.8987518132344207,4.001024484634399,7.172969818115234,0.2,GCN,LiO
0.9057207637486128,0.8884495689138944,0.9058027104867337,0.8971261397003141,0.8774093350045066,0.8862124172901665,0.8497940856284595,0.868003251459313,0.9056287618391671,3.0118508338928223,30.578310251235962,0.4,GCN,LiO
0.899280747298649,0.889316789499527,0.892866738386529,0.891091763943028,0.8657338579121163,0.8869182232714719,0.8258795442599864,0.8563988837657291,0.8907787728716328,0.6688048839569092,30.578310251235962,0.4,GCN,LiO
0.8910904924084402,0.8914238524952018,0.8763771696731828,0.8839005110841923,0.851480722661048,0.8885396287094371,0.7971871793683354,0.8428634040388863,0.8717681484856373,2.4925169944763184,30.578310251235962,0.4,GCN,LiO
0.884599661350174,0.8906884192464211,0.864145349786646,0.8774168845165335,0.839517433725809,0.8878550157566883,0.7740393218885635,0.830947168822626,0.8575520460995214,0.6521835327148438,30.578310251235962,0.4,GCN,LiO
0.8992620495519994,0.8905494739264499,0.8925186771706565,0.8915340755485532,0.8653015237495881,0.8876943876315296,0.825127994108174,0.8564111908698517,0.8899262384065142,2.8639137744903564,30.578310251235962,0.4,GCN,LiO
0.9392884994453866,0.876265703726111,0.987377571545808,0.9318216376359595,0.9331287655747499,0.866264119785028,0.9884518912264508,0.9273580055057394,0.9965100541376642,3.7388057708740234,79.31627130508423,0.6000000000000001,GCN,LiO
0.9393659685682166,0.8758101937124071,0.9876274929858672,0.9317188433491371,0.933074271125467,0.8655360592956878,0.9886819334993743,0.927108996397531,0.9963525731938289,0.9861807823181152,79.31627130508423,0.6000000000000001,GCN,LiO
0.9388676043852433,0.8751864213162042,0.9873634991962436,0.9312749602562238,0.9325969797751853,0.8646213406624179,0.9886446815992039,0.926633011130811,0.9961879369382223,1.1997902393341064,79.31627130508423,0.6000000000000001,GCN,LiO
0.9399079252152868,0.8772458555724616,0.9875515145826296,0.9323986850775456,0.9337310486924658,0.866831936747593,0.9885949023710493,0.9277134195593211,0.9961495590451477,0.6675512790679932,79.31627130508423,0.6000000000000001,GCN,LiO
0.9395861529990389,0.8766161307712476,0.9873604758041158,0.9319883032876817,0.9333901932335787,0.8661365939823875,0.9884933097213336,0.9273149518518606,0.9963205008103968,0.8194425106048584,79.31627130508423,0.6000000000000001,GCN,LiO
0.9623699534509305,0.9174056892516689,0.986538977881818,0.9519723335667434,0.9644536414013948,0.9172531869110023,0.99011992227472,0.9536865545928612,0.9980295068714632,3.4135777950286865,124.16136145591736,0.8,GCN,LiO
0.9619352147746573,0.9166414172867914,0.9866064080307763,0.9516239126587838,0.9641036897999504,0.9163404431217148,0.9904054037915322,0.9533729234566235,0.9982253387006017,1.7899131774902344,124.16136145591736,0.8,GCN,LiO
0.9622337171242257,0.9173119739191614,0.9861750391456267,0.951743506532394,0.9645392870933248,0.9172709797658387,0.9900806474456133,0.953675813605726,0.9982727347084098,2.6478073596954346,124.16136145591736,0.8,GCN,LiO
0.9619503709154749,0.917736275052017,0.9861258317278421,0.9519310533899296,0.9643322492066513,0.9172799330036168,0.9901767155955412,0.953728324299579,0.9979062701320179,2.0776002407073975,124.16136145591736,0.8,GCN,LiO
0.9617789396728377,0.9167787083892988,0.9861016611973776,0.9514401847933383,0.9640845187042433,0.9163932427764752,0.9900345756950554,0.9532139092357652,0.9982554058861421,2.5837414264678955,124.16136145591736,0.8,GCN,LiO
0.928231368816651,0.9114056606626053,0.9584016746272318,0.9349036676449185,0.9404730507123773,0.9197686369117055,0.9748833777225736,0.9473260073171396,0.985653007316674,3.673996686935425,6.793484449386597,0.2,SAGE,LiO
0.9277728940732934,0.9111897173453634,0.9576924214501369,0.9344410693977501,0.9401267943534249,0.9189909152373816,0.9741549030536082,0.9465729091454949,0.9849233212518025,3.319441795349121,6.793484449386597,0.2,SAGE,LiO
0.9256021864029806,0.9119746218355308,0.9535502055043463,0.9327624136699386,0.9396949183320771,0.9192929819224407,0.9729806121493318,0.9461367970358863,0.9846267883807087,3.0811874866485596,6.793484449386597,0.2,SAGE,LiO
0.9277640939860946,0.9116390122325617,0.9573690332704371,0.9345040227514994,0.9407288796990363,0.9192562034099496,0.9760381244105443,0.947647163910247,0.9869515184821414,2.939634084701538,6.793484449386597,0.2,SAGE,LiO
0.928381999007966,0.9128165670245891,0.9594411776512354,0.9361288723379122,0.9404817281410789,0.9201041078910752,0.9760764074014309,0.9480902576462531,0.9866116611661166,2.953718662261963,6.793484449386597,0.2,SAGE,LiO
0.9458168247054732,0.9170228499491277,0.9754039666824373,0.9462134083157825,0.9508557169077104,0.9207967674632934,0.9826757640890771,0.9517362657761852,0.990282515610482,3.1897499561309814,36.11604905128479,0.4,SAGE,LiO
0.9460398377013575,0.9173981795469082,0.9758634061359777,0.9466307928414429,0.9507432444067316,0.9208922581205635,0.982243255054913,0.9515677565877383,0.9899045273159762,0.5883870124816895,36.11604905128479,0.4,SAGE,LiO
0.9447291670588609,0.9185850397908585,0.9722118509560767,0.9453984453734676,0.9507155825678847,0.9222530020315332,0.9798638105926497,0.9510584063120915,0.988270198732969,2.433410167694092,36.11604905128479,0.4,SAGE,LiO
0.9461930067635395,0.9176333243073751,0.9763405627886342,0.9469869435480047,0.9505655350937101,0.9211729308618546,0.9821816599670525,0.9516772954144536,0.9898404497302918,3.5509209632873535,36.11604905128479,0.4,SAGE,LiO
0.9449319539182333,0.9171622693624795,0.9740181657640354,0.9455902175632575,0.9502452177444056,0.9206944147430141,0.9813003284200116,0.9509973715815128,0.9893944518520928,0.6445660591125488,36.11604905128479,0.4,SAGE,LiO
0.9463459921203997,0.9432077616766653,0.975046947037289,0.9591273543569772,0.9522646968966046,0.9479076135544137,0.9820869886033265,0.9649973010788702,0.9924229579391993,0.8932981491088867,91.51572060585022,0.6000000000000001,SAGE,LiO
0.945603293677468,0.9427330906483108,0.9744588755018798,0.9585959830750953,0.951697842260611,0.9470788431626653,0.981987144231178,0.9645329936969217,0.9925557408877512,3.345569372177124,91.51572060585022,0.6000000000000001,SAGE,LiO
0.9446043743686877,0.9427884481811576,0.9725624949271706,0.9576754715541641,0.9514583479544084,0.9472424103646675,0.9811716831775422,0.9642070467711048,0.9909871194518612,0.6679821014404297,91.51572060585022,0.6000000000000001,SAGE,LiO
0.9461813805996415,0.9441387615307998,0.9738842219228662,0.959011491726833,0.9524090778379798,0.9482453994707445,0.9814093713010076,0.964827385385876,0.9915081636838678,0.5918302536010742,91.51572060585022,0.6000000000000001,SAGE,LiO
0.9472667273597338,0.9434496812084083,0.9772911958010694,0.9603704385047389,0.9524897859407616,0.9477752277883154,0.9832815505902935,0.9655283891893045,0.9935349660228101,0.5806939601898193,91.51572060585022,0.6000000000000001,SAGE,LiO
0.9793962737336398,0.9637369266917126,0.9945578955477237,0.9791474111197181,0.9805847072755232,0.9673560174665946,0.9947580141123116,0.9810570157894531,0.9984553643607806,0.6504426002502441,119.78165364265442,0.8,SAGE,LiO
0.979400736927393,0.9638840807268249,0.9949416048010234,0.9794128427639242,0.9804788841502775,0.9675119010342876,0.9950829064949853,0.9812974037646365,0.9983527872763038,0.6608691215515137,119.78165364265442,0.8,SAGE,LiO
0.9794168127810076,0.9636602744435971,0.9946525371295368,0.9791564057865669,0.9804923656494265,0.9671047086721134,0.9947612857615641,0.9809329972168388,0.9983232536096959,2.3281266689300537,119.78165364265442,0.8,SAGE,LiO
0.9792428230734166,0.9642083651790265,0.9943725905739133,0.97929047787647,0.9804550729061359,0.9677730141913025,0.9945946336804629,0.9811838239358827,0.9982608340304421,1.8159308433532715,119.78165364265442,0.8,SAGE,LiO
0.9790946620488742,0.9638648562445641,0.9944268851623098,0.979145870703437,0.9803268737864265,0.9673262677643372,0.9946398955149159,0.9809830816396266,0.9982116588306557,2.0311837196350098,119.78165364265442,0.8,SAGE,LiO
0.9155499138666612,0.8742695302636574,0.9621682754032436,0.9182189028334504,0.8800045014353778,0.8223705069153044,0.9489368096743406,0.8856536582948225,0.9915240872524236,1.8666784763336182,9.81528353691101,0.2,RGCN,LiO
0.9140691541051527,0.874310805070736,0.9595384825534888,0.9169246438121124,0.8780822291971571,0.822144036257334,0.9450675692442219,0.8836058027507779,0.9913713094263777,2.9133198261260986,9.81528353691101,0.2,RGCN,LiO
0.9157916203070844,0.8747090963706774,0.9624859296824254,0.9185975130265513,0.8806809829273435,0.8228751853502128,0.9497886811192087,0.8863319332347107,0.9918313174201762,3.1969656944274902,9.81528353691101,0.2,RGCN,LiO
0.9156838306216487,0.8735999675661914,0.9627760563562755,0.9181880119612335,0.8799103421194474,0.8205392514937533,0.9500731514328573,0.8853062014633053,0.9916162074249277,3.2820520401000977,9.81528353691101,0.2,RGCN,LiO
0.9143023300248161,0.873819109324972,0.9610100862113046,0.9174145977681383,0.8782564609538785,0.8208901918890227,0.9476048146877918,0.8842475032884072,0.9914423285986415,0.3084537982940674,9.81528353691101,0.2,RGCN,LiO
0.908488635552229,0.8488779348087095,0.9675614259243656,0.9082196803665376,0.8769139207233589,0.797361881767249,0.9688926950249535,0.8831272883961012,0.9929728465332059,0.28742027282714844,18.468618869781494,0.4,RGCN,LiO
0.9092343822312576,0.8538386037515326,0.965600172836611,0.9097193882940718,0.8773600052028845,0.8037092214595932,0.9642044067693838,0.8839568141144885,0.992835125657679,2.8748385906219482,18.468618869781494,0.4,RGCN,LiO
0.9119114092348696,0.8587102683043247,0.9665050251807277,0.9126076467425261,0.8816005807120961,0.8097798612723479,0.9661667211187586,0.8879732911955532,0.9936505792762302,0.28823232650756836,18.468618869781494,0.4,RGCN,LiO
0.9103681200580606,0.8570264511089608,0.9653996881012206,0.9112130696050906,0.8785966403508992,0.807371286080399,0.9633600129230284,0.8853656495017137,0.9930258226641537,2.0846381187438965,18.468618869781494,0.4,RGCN,LiO
0.9064430413136654,0.8563166692679725,0.9587992707947439,0.9075579700313582,0.873205224570274,0.8069336149840111,0.9527746594385678,0.8798541372112894,0.9921566632441784,0.30164003372192383,18.468618869781494,0.4,RGCN,LiO
0.8869971527449493,0.8642702122760539,0.9096591361047781,0.886964674190416,0.836609301067408,0.8238811250810688,0.8531877146123782,0.8385344198467235,0.9788916651793682,2.948314905166626,81.26666808128357,0.6000000000000001,RGCN,LiO
0.895593072820668,0.8635521457978004,0.9263981164223792,0.8949751311100897,0.8520572253908865,0.8224394688068799,0.885608958019171,0.8540242134130255,0.9831681271664859,0.9623312950134277,81.26666808128357,0.6000000000000001,RGCN,LiO
0.8887489708813788,0.8645958756132505,0.9126522097336677,0.8886240426734591,0.8400376651085681,0.8254597979811105,0.8588526161921564,0.8421562070866334,0.9811061373472202,1.3575263023376465,81.26666808128357,0.6000000000000001,RGCN,LiO
0.8892257675586426,0.8644882863248953,0.9134779662154187,0.888983126270157,0.8398967702955416,0.8237731421447719,0.8596752436750766,0.8417241929099243,0.9770155282180109,1.2865753173828125,81.26666808128357,0.6000000000000001,RGCN,LiO
0.8695842570718515,0.8658445910991067,0.8757878732438228,0.8708162321714648,0.8047363441350102,0.8258582970243089,0.7870888235196796,0.8064735602719942,0.9345437454992703,1.0314464569091797,81.26666808128357,0.6000000000000001,RGCN,LiO
0.9184973538191,0.8653765501601792,0.9639559273081568,0.914666238734168,0.906792024893379,0.8387103529537644,0.9743907541558063,0.9065505535547853,0.9965162762760725,3.7859041690826416,135.60288739204407,0.8,RGCN,LiO
0.9179838818266352,0.8652576898843677,0.9632226949829927,0.9142401924336803,0.9061102240660215,0.8388530075467229,0.9728810907795418,0.9058670491631323,0.996368196530513,3.600682497024536,135.60288739204407,0.8,RGCN,LiO
0.9181512449424102,0.8647233216228672,0.9639709878498318,0.9143471547363495,0.9061413909854165,0.8394801955450343,0.9728486266953495,0.9061644111201919,0.996561827918188,2.5240957736968994,135.60288739204407,0.8,RGCN,LiO
0.91821768236568,0.8657836873795485,0.9634278418389007,0.9146057646092246,0.9070466252590998,0.8401614884934252,0.9738740310354268,0.907017759764426,0.9967374512424559,2.874537467956543,135.60288739204407,0.8,RGCN,LiO
0.9172846426103987,0.8662473145822223,0.9612483051506159,0.9137478098664191,0.9050966162069793,0.8400382992098261,0.9701687734759681,0.9051035363428971,0.9965692213024123,2.7677760124206543,135.60288739204407,0.8,RGCN,LiO
0.6937360874080599,0.7702711145202794,0.6381363136672004,0.7042037140937398,0.8206826290223272,0.8448055705262356,0.7810759265707677,0.8129407485485016,0.8886524346057646,0.8930437564849854,13.725697040557861,0.2,GAT,LiO
0.6988950256584747,0.7707963327320778,0.6479109984088121,0.7093536655704449,0.8218579907438175,0.8440420356572569,0.785098943770892,0.8145704897140744,0.9065748929643177,3.0402040481567383,13.725697040557861,0.2,GAT,LiO
0.7128215503047725,0.7709255146351167,0.6752709083738115,0.7230982115044642,0.8233882486578619,0.8441915947289308,0.7921973437358805,0.8181944692324057,0.945276692899356,4.1167151927948,13.725697040557861,0.2,GAT,LiO
0.6984423062664132,0.7698392525491673,0.6474042574421057,0.7086217549956365,0.8216111503261077,0.8440281097968176,0.7849534907049109,0.8144908002508643,0.9042879428442251,0.6970489025115967,13.725697040557861,0.2,GAT,LiO
0.695787653253591,0.7676475239949108,0.6436657692165683,0.7056566466057395,0.8205006463201028,0.8436212203659631,0.7829633798428698,0.8132923001044164,0.8991424867307634,2.672562599182129,13.725697040557861,0.2,GAT,LiO
0.8848416134862123,0.8370942458008044,0.9041834554574327,0.8706388506291185,0.9233397168194303,0.8802627523478959,0.9484078588518523,0.9143353055998741,0.9678402568346233,3.6850907802581787,52.111340045928955,0.4,GAT,LiO
0.8982974688314233,0.835881062447204,0.9279171536828633,0.8818991080650336,0.9246061161242417,0.8795810414615447,0.9526449963440091,0.9161130189027769,0.9738036745640766,0.7233619689941406,52.111340045928955,0.4,GAT,LiO
0.8863004396635988,0.8381342406995684,0.9057802845985845,0.8719572626490765,0.9242121110373932,0.8822005016572608,0.9488722486029183,0.9155363751300896,0.9703704547426886,3.7534165382385254,52.111340045928955,0.4,GAT,LiO
0.8902091516826276,0.8360676600299284,0.9128571783862413,0.8744624192080848,0.924711805913896,0.8803825523377257,0.9513651785941623,0.915873865465944,0.9719092493044531,4.046151161193848,52.111340045928955,0.4,GAT,LiO
0.8873650307662109,0.8379260620851399,0.9087428073216273,0.8733344347033836,0.9229470410739709,0.8810069513873612,0.9477333878610759,0.9143701696242186,0.9713453012022072,0.6310749053955078,52.111340045928955,0.4,GAT,LiO
0.8904149689090399,0.8966770465537524,0.8842823168382002,0.8904796816959764,0.9304998109973132,0.9088320832553647,0.9410722121472183,0.9249521477012914,0.9609734580964279,3.1675829887390137,111.30597996711731,0.6000000000000001,GAT,LiO
0.9017850100538607,0.8967803753581016,0.9055848831788552,0.9011826292684784,0.9353384082732208,0.9085390012423223,0.9537252488742536,0.931132125058288,0.9727913364773263,0.7136058807373047,111.30597996711731,0.6000000000000001,GAT,LiO
0.8968530947811657,0.89645875948495,0.896286019336903,0.8963723894109266,0.9334103420699433,0.9080540533047987,0.9489386540930941,0.9284963536989463,0.9675898207406802,0.8137569427490234,111.30597996711731,0.6000000000000001,GAT,LiO
0.8981099155939481,0.8976422101711413,0.8967473248961911,0.8971947675336662,0.9336272280724461,0.908871231030728,0.9480393261705956,0.9284552786006618,0.967507111455909,0.7122483253479004,111.30597996711731,0.6000000000000001,GAT,LiO
0.9067977589439413,0.8980864988086692,0.9144287295553969,0.9062576141820331,0.9375049131373732,0.9092921433419938,0.9585248462137061,0.93390849477785,0.9778851615589359,0.7254059314727783,111.30597996711731,0.6000000000000001,GAT,LiO
0.9156141183137175,0.8807840285531758,0.9360865987376132,0.9084353136453945,0.9386062392794267,0.9092502472872519,0.9542152838136514,0.9317327655504517,0.9779790776456095,3.6372363567352295,164.4205939769745,0.8,GAT,LiO
0.9032674855133694,0.8804321335127575,0.9160237086549676,0.8982279210838626,0.9348930799161396,0.9085373040661544,0.9467635608365514,0.9276504324513529,0.9692853741938278,2.606327772140503,164.4205939769745,0.8,GAT,LiO
0.9153424285527993,0.8798409986920349,0.9360034392324919,0.9079222189622633,0.9387871352954291,0.9096408360331206,0.9544342361853035,0.9320375361092121,0.9765046212766368,2.5514073371887207,164.4205939769745,0.8,GAT,LiO
0.9132495233207315,0.8783999395519022,0.9336608545182646,0.9060303970350834,0.9376899843509119,0.9091188681921746,0.9530977681308065,0.9311083181614905,0.9756694647166856,2.4083504676818848,164.4205939769745,0.8,GAT,LiO
0.9162390671969747,0.8818730598596272,0.9373694871750674,0.9096212735173472,0.9384912483502197,0.9097620788982178,0.9543408641311639,0.9320514715146908,0.9775164171642292,2.5500197410583496,164.4205939769745,0.8,GAT,LiO
0.7188062069054373,0.7501250112490928,0.6992736685652448,0.7246993399071688,0.6959127226967369,0.7379016797410415,0.6616907552568941,0.6997962174989678,0.7660352832505056,0.7294867038726807,13.364712953567505,0.2,simple HGN,LiO
0.7259281471804663,0.7508546744112882,0.7137471048291153,0.7323008896202017,0.7020382511771017,0.738309218468626,0.6761984712876682,0.7072538448781471,0.7845785735043892,2.5198850631713867,13.364712953567505,0.2,simple HGN,LiO
0.7354180564290222,0.7517197588047293,0.7340212029484308,0.74287048087658,0.7071812990059804,0.7390524357076308,0.6890351971363505,0.7140438164219907,0.7998741724139017,4.1239447593688965,13.364712953567505,0.2,simple HGN,LiO
0.7417012624343706,0.7541319037570127,0.7443970526124528,0.7492644781847327,0.7109788481200064,0.7398626534939201,0.6964677531020541,0.718165203297987,0.8089940816144865,4.108774185180664,13.364712953567505,0.2,simple HGN,LiO
0.7059237977705144,0.7533014599770047,0.6684743464632411,0.710887903220123,0.6868777804591031,0.7405031990450769,0.6326738831140897,0.6865885410795833,0.7269792736348418,4.063418388366699,13.364712953567505,0.2,simple HGN,LiO
0.8174984644810606,0.8094709634686437,0.8306766806024241,0.8200738220355339,0.8009252840975399,0.7968053945760374,0.8107231597308879,0.8037642771534627,0.8430358814488753,2.7820024490356445,60.13729000091553,0.4,simple HGN,LiO
0.8251219071387196,0.8071652744336554,0.8495509850820988,0.828358129757877,0.8074338430568756,0.7952881044163214,0.8272511833141762,0.8112696438652488,0.8686924016491626,0.8125028610229492,60.13729000091553,0.4,simple HGN,LiO
0.7963744019983287,0.8096773416389909,0.7764262741611149,0.7930518079000528,0.7813185719903498,0.7983245994945103,0.7560482529555925,0.7771864262250514,0.7651660471424204,3.372342348098755,60.13729000091553,0.4,simple HGN,LiO
0.8178590420784209,0.8097072738159374,0.8316188909523092,0.8206630823841233,0.8018020418405178,0.7972442063996511,0.8125496642099268,0.804896935304789,0.847317981784252,0.6972551345825195,60.13729000091553,0.4,simple HGN,LiO
0.8047372477311359,0.8086218953978431,0.8003767543128402,0.8044993248553416,0.7898313278840812,0.7963736965920174,0.7829278712030063,0.7896507838975119,0.8020114086483725,3.013231039047241,60.13729000091553,0.4,simple HGN,LiO
0.9077271252056336,0.9045604855725768,0.9138726208998209,0.9092165532361989,0.9068085121301346,0.9055247409991329,0.913580514758899,0.909552627879016,0.9213556513092476,4.302669525146484,128.60521411895752,0.6000000000000001,simple HGN,LiO
0.9056330413277429,0.9057377010348493,0.9063297812447819,0.9060337411398156,0.9041338839152576,0.9055397360751238,0.9058043074793137,0.9056720217772187,0.9103054328384582,0.7747378349304199,128.60521411895752,0.6000000000000001,simple HGN,LiO
0.9050419180996394,0.9044608504895431,0.905690477958951,0.905075664224247,0.9030742756256815,0.9046686631843738,0.9036681801635735,0.9041684216739736,0.9035955047591872,1.1245808601379395,128.60521411895752,0.6000000000000001,simple HGN,LiO
0.9064626392992894,0.905607980952316,0.9069267376569423,0.9062673593046291,0.9048645758853856,0.9064218565276521,0.9057177668782607,0.9060698117029564,0.9071041947717264,4.181458950042725,128.60521411895752,0.6000000000000001,simple HGN,LiO
0.9150955154588934,0.9063041702469165,0.9303107513357376,0.9183074607913271,0.9128115535022454,0.9065846451182874,0.9289624977036318,0.9177735714109596,0.9467155064431684,0.9014577865600586,128.60521411895752,0.6000000000000001,simple HGN,LiO
0.9383785683620915,0.9124561424843978,0.9579266951279426,0.9351914188061702,0.9373130302907784,0.9111998624104676,0.9580674834520186,0.9346336729312431,0.9306732420804484,1.0498101711273193,179.6416883468628,0.8,simple HGN,LiO
0.9413489765454156,0.9122392832468125,0.965962008876563,0.9391006460616877,0.9413940444214078,0.9107114359807206,0.9681749877943363,0.9394432118875284,0.9560078949411503,0.9792795181274414,179.6416883468628,0.8,simple HGN,LiO
0.9377608984609386,0.9123175069999223,0.9573461219919766,0.9348318144959494,0.9369787672215231,0.9109007548344872,0.9578967627036025,0.9343987587690448,0.9303068043805042,2.4871878623962402,179.6416883468628,0.8,simple HGN,LiO
0.9378100599056878,0.9132605484048325,0.9571147845629486,0.9351876664838905,0.9368212278365159,0.9112559029104369,0.9576296959478733,0.9344427994291551,0.9308545453546463,2.405233860015869,179.6416883468628,0.8,simple HGN,LiO
0.9369315855821787,0.9125309491122009,0.9574628915041324,0.9349969203081667,0.9379766977240634,0.9121708482182925,0.9598751648376938,0.9360230065279931,0.9359951905709645,2.8238866329193115,179.6416883468628,0.8,simple HGN,LiO
0.9569078159769617,0.8968557525828466,0.9914930191498873,0.9441743858663669,0.9460205806879267,0.8600988902332105,0.9903835804811378,0.9252412353571742,0.9941283495796224,3.9861903190612793,106.07155323028564,0.2,HGT,LiO
0.9562373997518261,0.8957607806484877,0.9908728541443932,0.9433168173964405,0.9454694863627346,0.857949579008885,0.9902322881733251,0.9240909335911051,0.9939903152889824,3.924262762069702,106.07155323028564,0.2,HGT,LiO
0.9565282520323865,0.8964860651604449,0.9909846700500156,0.9437353676052302,0.9454724051345155,0.8588065377353433,0.9898819421011952,0.9243442399182693,0.9941330210663413,4.209171295166016,106.07155323028564,0.2,HGT,LiO
0.9568515588492432,0.8965848883351668,0.991390255388325,0.9439875718617459,0.9457151055944254,0.8585455456529045,0.9902795671111722,0.9244125563820383,0.9940348128400606,0.953657865524292,106.07155323028564,0.2,HGT,LiO
0.9567824713701689,0.8969778638690155,0.9913555243445258,0.9441666941067706,0.9461158604865948,0.859869218208781,0.9906912027929162,0.9252802105008486,0.9940987373073591,2.4433512687683105,106.07155323028564,0.2,HGT,LiO
0.945306544817804,0.8680540373155347,0.9867667586831855,0.9274103979993601,0.9372115455060765,0.8415868678306323,0.9858039842999291,0.9136954260652808,0.9912391787901036,4.718505382537842,194.52815294265747,0.4,HGT,LiO
0.9458527133376181,0.8676695563669785,0.9875853939836327,0.9276274751753055,0.9377000455420423,0.8415072178775459,0.985952001202658,0.913729609540102,0.9913478827897866,4.209015607833862,194.52815294265747,0.4,HGT,LiO
0.9463551002032774,0.8697319629726605,0.9871414426685574,0.928436702820609,0.9385114736825486,0.8428630036369609,0.9858568595341842,0.9143599315855726,0.9914225431125328,0.894951581954956,194.52815294265747,0.4,HGT,LiO
0.9469176336689646,0.8689881698079798,0.987923304496964,0.9284557371524719,0.9388688946326929,0.8424746766478097,0.9865153142773186,0.9144949954625642,0.9913773531769242,4.263902902603149,194.52815294265747,0.4,HGT,LiO
0.9462885856494906,0.8677927558135232,0.9876697112319438,0.9277312335227335,0.9378526194950525,0.8410555657054346,0.9858523339724153,0.9134539498389249,0.9912989040293994,0.9210636615753174,194.52815294265747,0.4,HGT,LiO
0.9177397082526307,0.8450003497591967,0.9713628605586446,0.9081816051589207,0.9016776213857145,0.8126852990842552,0.9674116795305896,0.8900484893074224,0.9956303170920341,0.9644570350646973,292.1752676963806,0.6000000000000001,HGT,LiO
0.9161413991353851,0.8462619405836196,0.9672210133314143,0.906741476957517,0.9005470014106718,0.8138232211414073,0.9640158640712521,0.8889195426063297,0.9953059913835395,0.9691979885101318,292.1752676963806,0.6000000000000001,HGT,LiO
0.915512365339074,0.8467443381914326,0.9645496228322006,0.9056469805118166,0.9006333373184907,0.815048264371729,0.9622164886403491,0.8886323765060391,0.9953473510248728,0.9668171405792236,292.1752676963806,0.6000000000000001,HGT,LiO
0.9163794043574135,0.8463772072729647,0.966717332718048,0.9065472699955064,0.9007044876409597,0.8141743930819589,0.9633682192937497,0.8887713061878544,0.9953609825550116,1.8050284385681152,292.1752676963806,0.6000000000000001,HGT,LiO
0.9150922788641063,0.8467716495235813,0.9656282116328923,0.9061999305782368,0.9005638987618865,0.8150899091860937,0.9636236716849479,0.8893567904355208,0.9952141975584007,0.9560554027557373,292.1752676963806,0.6000000000000001,HGT,LiO
0.9363390288878447,0.8636828448471376,0.9841803903404842,0.9239316175938109,0.9207687847411665,0.8361714520553901,0.9818718475376992,0.9090216497965447,0.9956420583593178,5.144263982772827,387.2226233482361,0.8,HGT,LiO
0.9348334619749574,0.8625562174501396,0.983244851458795,0.9229005344544673,0.9188587787167967,0.8348266019844632,0.9806444586348851,0.9077355303096741,0.9955272763998904,2.0836079120635986,387.2226233482361,0.8,HGT,LiO
0.9352594383430968,0.8634525555191652,0.9828829658126822,0.9231677606659237,0.9194189965215432,0.8357337272010396,0.9799497164404593,0.9078417218207494,0.9953185818141577,2.3247528076171875,387.2226233482361,0.8,HGT,LiO
0.9355184547571109,0.8639442908480175,0.983498099017865,0.9237211949329412,0.9194829094969869,0.8355053221949683,0.9809693079276852,0.9082373150613268,0.9957175892539494,2.938309669494629,387.2226233482361,0.8,HGT,LiO
0.9349977624833206,0.8633529698286846,0.9828715362817766,0.9231122530552306,0.9194935340157568,0.8356572527735115,0.980732847648811,0.9081950502111613,0.9952952685876911,1.801835298538208,387.2226233482361,0.8,HGT,LiO
0.8408568755723893,0.7140335161412268,0.926906248780767,0.8204698824609968,0.8492620262081436,0.7704708592520042,0.9498201214614674,0.8601454903567358,0.9676505021934438,536.6191554069519,81.78082656860352,0.2,SGD,LiO
0.839447665476865,0.7142995421892014,0.9243217545164286,0.819310648352815,0.8487747938076688,0.7705004137021615,0.9487239297422722,0.8596121717222168,0.9672167660470009,455.3725941181183,81.78082656860352,0.2,SGD,LiO
0.8401869979122819,0.715528683169735,0.9253130532657041,0.8204208682177195,0.8493254855177087,0.7717194902799415,0.9493605846893893,0.8605400374846655,0.9676853306545343,291.33876156806946,81.78082656860352,0.2,SGD,LiO
0.8403066573663424,0.7133030363005903,0.925969819006191,0.8196364276533907,0.8491394955675666,0.7698832111950799,0.949663942976459,0.8597735770857694,0.9677731786788895,312.63772535324097,81.78082656860352,0.2,SGD,LiO
0.841051010321628,0.7144443947843842,0.9266726379644471,0.8205585163744156,0.8496012684719744,0.7707849764271109,0.9499047868291673,0.8603448816281392,0.9683371788506283,372.75358724594116,81.78082656860352,0.2,SGD,LiO
0.8385548399419054,0.7213744983984403,0.9196314542957696,0.820502976347105,0.861625541828047,0.7795602780999129,0.9428081733982433,0.861184225749078,0.9537529127035179,242.4626796245575,37.84675216674805,0.4,SGD,LiO
0.8386247353475532,0.721491533968512,0.91971807620454,0.820604805086526,0.8618088189478248,0.7798877996220237,0.9430644637263932,0.8614761316742084,0.9543845510595801,291.02946376800537,37.84675216674805,0.4,SGD,LiO
0.8388821947767353,0.72173562274205,0.9196764155877143,0.8207060191648822,0.8617473300328115,0.7795895183235786,0.942935482875725,0.8612625005996518,0.9542001865833549,203.72226476669312,37.84675216674805,0.4,SGD,LiO
0.8387948001775535,0.7204900166934222,0.9204254087127447,0.8204577127030834,0.861290197911499,0.7787052329566504,0.9431757650163904,0.8609404989865204,0.9543867117263491,202.29449439048767,37.84675216674805,0.4,SGD,LiO
0.8381252832095433,0.7214287833301471,0.9191813370676608,0.8203050601989039,0.8615384598911425,0.7803904349680191,0.9427829771538133,0.8615867060609161,0.954978760439751,236.69186162948608,37.84675216674805,0.4,SGD,LiO
0.8561490195224974,0.7879789233648358,0.9094577753492393,0.8487183493570376,0.8856635587396235,0.8208733982013441,0.9438259307372013,0.8823496644692728,0.9573752156582783,106.37040495872498,165.1572368144989,0.6000000000000001,SGD,LiO
0.8544823094182545,0.7857702521025326,0.9081929814880254,0.8469816167952791,0.8843753599570964,0.8191920856895515,0.94307080896178,0.8811314473256657,0.9570005024781988,52.414316177368164,165.1572368144989,0.6000000000000001,SGD,LiO
0.8541105440587161,0.7860178907039419,0.9072542295094707,0.8466360601067062,0.8847000061584103,0.8197883309471837,0.9430228261139715,0.8814055785305777,0.9570929001148183,65.14248085021973,165.1572368144989,0.6000000000000001,SGD,LiO
0.8560966991514708,0.7869161042818631,0.9100136366549443,0.8484648704684037,0.8853583048921849,0.8198687261963443,0.9441228427877124,0.8819957844920283,0.9580412211789114,62.37388849258423,165.1572368144989,0.6000000000000001,SGD,LiO
0.8556423601971881,0.7864184763133288,0.9091975110815181,0.8478079936974234,0.8850927479880247,0.8190539985451173,0.9438508297459888,0.8814524141455531,0.9579093247684048,60.328309297561646,165.1572368144989,0.6000000000000001,SGD,LiO
0.8914144632050183,0.8115471863541088,0.9451713061098744,0.8783592462319916,0.9134621166947502,0.8399314653134279,0.9677281220925119,0.9038297937029699,0.978396754821573,1.5512659549713135,336.1667973995209,0.8,SGD,LiO
0.8926398152000709,0.8138144090909654,0.9454460926505667,0.8796302508707661,0.9133666522150647,0.8402257300482645,0.9676929247800499,0.9039593274141572,0.9786864071112872,1.5639302730560303,336.1667973995209,0.8,SGD,LiO
0.8928082639588957,0.8140569665635794,0.9452859766117321,0.8796714715876557,0.9136503785552808,0.8407318338382292,0.9675602755832535,0.9041460547107414,0.9784144763114465,1.5287187099456787,336.1667973995209,0.8,SGD,LiO
0.8928723706143294,0.8141387011931016,0.9454777099512538,0.8798082055721776,0.913644491386388,0.8407531666124952,0.9676591024105037,0.9042061345114994,0.9779701637484254,1.5273759365081787,336.1667973995209,0.8,SGD,LiO
0.8933395213730273,0.8152113567406863,0.9458053208688804,0.8805083388047834,0.9139855976565301,0.841652998178379,0.9676551414967919,0.9046540698375855,0.9788920457276913,1.533013105392456,336.1667973995209,0.8,SGD,LiO
