micro_ap,CL_ap,CC_ap,macro_ap,micro_roc_auc,CL_roc_auc,CC_roc_auc,macro_roc_auc,cutoff,model,from,to
0.9482109481263168,0.9610871413140056,0.6489599514292883,0.8050235463716471,0.9531915959060524,0.9643587159259314,0.6647577298736382,0.8145582228997847,0.2,SAGE,OLD,OLD
0.9479450874770508,0.9609272097714696,0.6484603133419101,0.8046937615566898,0.9534308288139404,0.9646575578442584,0.6649607932548134,0.8148091755495359,0.2,SAGE,OLD,OLD
0.9485791614569554,0.9614634484852416,0.6511662181789015,0.8063148333320715,0.953567076159608,0.9647118536842956,0.6671221774015842,0.8159170155429399,0.2,SAGE,OLD,OLD
0.9477759255332432,0.960651455415362,0.6481551466590392,0.8044033010372006,0.9534120685477032,0.9645264061559824,0.6661562552449551,0.8153413307004688,0.2,SAGE,OLD,OLD
0.9488324232621744,0.9614944402910726,0.6533224554904986,0.8074084478907856,0.953681075342095,0.9647348590418292,0.6680305422140838,0.8163827006279565,0.2,SAGE,OLD,OLD
0.947026341838679,0.9593099492243514,0.6550511405928892,0.8071805449086202,0.952995065942574,0.9626457326577664,0.674723368576648,0.8186845506172071,0.4,SAGE,OLD,OLD
0.9475528753586402,0.9594196285010026,0.6601152797300144,0.8097674541155084,0.953204206311991,0.9626828991046852,0.6769168353409226,0.819799867222804,0.4,SAGE,OLD,OLD
0.9471623077797108,0.9596114806340168,0.6529268766322084,0.8062691786331126,0.9530434957733902,0.9627312501829104,0.6735882224472397,0.818159736315075,0.4,SAGE,OLD,OLD
0.947009190006857,0.9593299677229612,0.6542335177751161,0.8067817427490387,0.9528882030165762,0.962577540468126,0.6723665596764957,0.8174720500723109,0.4,SAGE,OLD,OLD
0.9471336279806992,0.9594657623310314,0.6566019458974928,0.8080338541142621,0.9527920291777302,0.9624503627321792,0.676199041263875,0.819324701998027,0.4,SAGE,OLD,OLD
0.9507653193782598,0.9556598802612738,0.6983734480124247,0.8270166641368493,0.9556008844974264,0.959439144646326,0.7142507746452802,0.8368449596458031,0.6000000000000001,SAGE,OLD,OLD
0.948724833058488,0.9535939779122712,0.6986556342943202,0.8261248061032956,0.9545807354724156,0.9584165156173068,0.7120282836650476,0.8352223996411772,0.6000000000000001,SAGE,OLD,OLD
0.9499965574925766,0.9549861646671792,0.7001361270410364,0.8275611458541079,0.9548926052205464,0.9587446888560316,0.7158423839146428,0.8372935363853372,0.6000000000000001,SAGE,OLD,OLD
0.9504803929897254,0.95520280632042,0.704961069720526,0.8300819380204729,0.9550121783115876,0.9587874259561776,0.7177377502059296,0.8382625880810535,0.6000000000000001,SAGE,OLD,OLD
0.9503046758216892,0.9551359959166276,0.70224469418201,0.8286903450493188,0.9548678595865232,0.9587447891894912,0.7124480765876549,0.835596432888573,0.6000000000000001,SAGE,OLD,OLD
0.9441347322611616,0.9464298063844367,0.767295501713127,0.8568626540487818,0.9450080126637488,0.9468211380918456,0.7826223775816071,0.8647217578367263,0.8,SAGE,OLD,OLD
0.9423610824226498,0.9448006054491684,0.7489274209239356,0.8468640131865519,0.9444824505827476,0.9463479152749472,0.7735143127219359,0.8599311139984416,0.8,SAGE,OLD,OLD
0.944055929139847,0.946266178006034,0.7708370164807221,0.858551597243378,0.9454661380000492,0.9472328366437636,0.7865102381981455,0.8668715374209545,0.8,SAGE,OLD,OLD
0.943148532698138,0.945422157797254,0.7604657444693481,0.8529439511333011,0.9448389232292412,0.946663232814998,0.7788273141180714,0.8627452734665346,0.8,SAGE,OLD,OLD
0.944574827208438,0.9469412362570292,0.7612119563460475,0.8540765963015383,0.9456327274637196,0.9474695211645724,0.7827021053973544,0.8650858132809633,0.8,SAGE,OLD,OLD
0.8464660968199633,0.8745814837092067,0.8141262889735494,0.8443538863413781,0.8810273546971087,0.9090594133891878,0.8473552770994447,0.8782073452443162,0.2,SAGE,OLD,LiO
0.845738549643001,0.8725804109076891,0.8143160745986441,0.8434482427531667,0.8820764984354267,0.9096178687842792,0.8478595109748976,0.8787386898795884,0.2,SAGE,OLD,LiO
0.8490852647788798,0.8799754741408536,0.8120402871545017,0.8460078806476776,0.8835589045030416,0.9136474982957624,0.845499376884133,0.8795734375899477,0.2,SAGE,OLD,LiO
0.8613720434004848,0.8981830736232144,0.812294629235222,0.8552388514292182,0.8884122176106684,0.9203821359373776,0.8458652675736027,0.88312370175549,0.2,SAGE,OLD,LiO
0.8436682780597917,0.86938100163451,0.8143690478712046,0.8418750247528572,0.8808961578598751,0.908570567313194,0.8475068151226008,0.8780386912178975,0.2,SAGE,OLD,LiO
0.8577111650705593,0.8993760766820178,0.8291541182226305,0.8642650974523242,0.892526115488413,0.9251564568361104,0.8637642952383426,0.8944603760372265,0.4,SAGE,OLD,LiO
0.8627867722721659,0.9063579245462408,0.830686985473751,0.8685224550099959,0.8971187835057421,0.9301785822485634,0.8647362123894332,0.8974573973189983,0.4,SAGE,OLD,LiO
0.8579806040528692,0.8987941370708276,0.8318040675623959,0.8652991023166117,0.8942161860928579,0.9264356135637476,0.8662555860890356,0.8963455998263916,0.4,SAGE,OLD,LiO
0.8480957600693778,0.8857358355689366,0.8290728936169774,0.857404364592957,0.8874203389294547,0.919554254853312,0.8636546473805655,0.8916044511169388,0.4,SAGE,OLD,LiO
0.8661992041268066,0.910516101213025,0.831750664210017,0.871133382711521,0.8990993328333645,0.9323160768954648,0.8652263080984934,0.8987711924969791,0.4,SAGE,OLD,LiO
0.8439903611578963,0.8440800061747011,0.8424846039361166,0.8432823050554088,0.8813551581375579,0.8854338312848135,0.8723707619887467,0.8789022966367801,0.6000000000000001,SAGE,OLD,LiO
0.8566706511471193,0.8641610857562686,0.8411369990103236,0.8526490423832961,0.8861523077046582,0.8933731845403421,0.8715778340425744,0.8824755092914582,0.6000000000000001,SAGE,OLD,LiO
0.8433818189004304,0.8426533268705009,0.8435093100057576,0.8430813184381292,0.8804074868717406,0.8838081982480362,0.8728111907402132,0.8783096944941247,0.6000000000000001,SAGE,OLD,LiO
0.80461164421673,0.7820794077268579,0.8419240054092972,0.8120017065680776,0.857243993981588,0.8493681684103231,0.8715802622112246,0.8604742153107738,0.6000000000000001,SAGE,OLD,LiO
0.8279137124371967,0.8158568802169502,0.8460204512566153,0.8309386657367828,0.8750708963114129,0.8743564080853375,0.8745722475747901,0.8744643278300639,0.6000000000000001,SAGE,OLD,LiO
0.7861168854974137,0.7587962305725252,0.8691273272029513,0.8139617788877382,0.8515459739134815,0.837615701337914,0.8964361488093603,0.8670259250736372,0.8,SAGE,OLD,LiO
0.8504346122377603,0.8502277446461651,0.8639199266212751,0.8570738356337202,0.8821716549288321,0.8814700599050309,0.8953332997553378,0.8884016798301844,0.8,SAGE,OLD,LiO
0.8353464912434211,0.8300471857743573,0.8626732146461522,0.8463602002102548,0.8755134644850918,0.8724420805525197,0.8941665326855289,0.8833043066190243,0.8,SAGE,OLD,LiO
0.8158036950054756,0.8018776613086904,0.8652213148377127,0.8335494880732015,0.8669590528251875,0.8598977741694965,0.895249133251908,0.8775734537107023,0.8,SAGE,OLD,LiO
0.7847380110162642,0.759633281026751,0.8662547164423196,0.8129439987345353,0.8457886810231497,0.8301731060106302,0.8955982583028623,0.8628856821567463,0.8,SAGE,OLD,LiO
0.9323087990625848,0.9417399123875728,0.6074285901027299,0.7745842512451513,0.9415794076749288,0.951525184165015,0.6302635251845865,0.7908943546748007,0.2,SAGE,LiO,OLD
0.9315241722386894,0.9409254996225082,0.6083605947249093,0.7746430471737087,0.9415295439224464,0.951507435773824,0.6325423595565605,0.7920248976651922,0.2,SAGE,LiO,OLD
0.9327214196117172,0.9422076461789048,0.6054967979110416,0.7738522220449733,0.9416638136662124,0.9517361353420836,0.6273721542630851,0.7895541448025845,0.2,SAGE,LiO,OLD
0.9326121335095784,0.942106067933342,0.6076476165176926,0.7748768422255172,0.9420568042344464,0.9520630214565824,0.6295701250335324,0.7908165732450574,0.2,SAGE,LiO,OLD
0.9320359480429804,0.9414707069287352,0.6076253445978119,0.7745480257632735,0.9417038673786708,0.951661225780351,0.6326951600898778,0.7921781929351144,0.2,SAGE,LiO,OLD
0.9404698335120248,0.9468881759975688,0.6569551476278629,0.8019216618127158,0.9491760217438732,0.9556384148411242,0.6661776618779305,0.8109080383595273,0.4,SAGE,LiO,OLD
0.9408088632474793,0.947252147948626,0.6574070421521275,0.8023295950503768,0.9493378904489768,0.95583481024989,0.6646382155611965,0.8102365129055432,0.4,SAGE,LiO,OLD
0.940892436848728,0.9473321714437288,0.6529654443891939,0.8001488079164614,0.9494351183747608,0.9558923074053808,0.6632959172606929,0.8095941123330369,0.4,SAGE,LiO,OLD
0.9417528028441344,0.948247063811308,0.655185565662609,0.8017163147369584,0.949996502136418,0.9564947611688376,0.6644375709993755,0.8104661660841066,0.4,SAGE,LiO,OLD
0.9412670153771492,0.9475002758559644,0.6670340153793974,0.8072671456176809,0.9498107686568186,0.9561214666420624,0.6718203400829537,0.8139709033625081,0.4,SAGE,LiO,OLD
0.9425384166314644,0.9473642257042356,0.678622084314578,0.8129931550094067,0.9500068963068315,0.9540719536436008,0.677521927313406,0.8157969404785034,0.6000000000000001,SAGE,LiO,OLD
0.9399701148164804,0.9448874537408292,0.6752122326282737,0.8100498431845514,0.9486751909116952,0.9528254425624112,0.6745816069695468,0.8137035247659791,0.6000000000000001,SAGE,LiO,OLD
0.9418394456976916,0.9467735173277628,0.6807949959662986,0.8137842566470306,0.9496268045691396,0.9537209265584924,0.6822164955008245,0.8179687110296585,0.6000000000000001,SAGE,LiO,OLD
0.9415680351562032,0.946381585277603,0.6821381100107,0.8142598476441515,0.9496967882465874,0.9537734085244712,0.6813727583517067,0.817573083438089,0.6000000000000001,SAGE,LiO,OLD
0.942283684307459,0.9471629324509496,0.6781784082221771,0.8126706703365634,0.9502970372183288,0.9543827446932118,0.6775262759902929,0.8159545103417524,0.6000000000000001,SAGE,LiO,OLD
0.9462374481828064,0.9489573514706712,0.715615348170568,0.8322863498206197,0.94761677028098,0.9497081253420532,0.7344878627154059,0.8420979940287295,0.8,SAGE,LiO,OLD
0.9454818840665772,0.9481836177672514,0.7166525780638872,0.8324180979155693,0.9473451041609364,0.9494582548647498,0.7302393564094751,0.8398488056371125,0.8,SAGE,LiO,OLD
0.9464329591447476,0.9490133798892734,0.7283098183371998,0.8386615991132366,0.9477640197472368,0.9498114706124716,0.7385150162312423,0.844163243421857,0.8,SAGE,LiO,OLD
0.9455548388805524,0.9485534795540178,0.6970404708062671,0.8227969751801425,0.947376420679575,0.9495616445394728,0.7247952243767142,0.8371784344580935,0.8,SAGE,LiO,OLD
0.9457033903391768,0.948414367173346,0.7169939750851858,0.832704171129266,0.9470345670328348,0.9491182245810196,0.7358241903035428,0.8424712074422811,0.8,SAGE,LiO,OLD
0.9512624319344196,0.9630076224985984,0.9322735637853972,0.9476405931419978,0.9608747168718376,0.9728687464311724,0.9418475082168288,0.9573581273240008,0.2,SAGE,LiO,LiO
0.9511109640344888,0.9629133795499004,0.932038678897672,0.9474760292237864,0.9606465831439192,0.9726694801463336,0.9417589130362592,0.9572141965912964,0.2,SAGE,LiO,LiO
0.9494142415046452,0.9607824287498934,0.9319479675713546,0.946365198160624,0.9594783698169408,0.970848848802662,0.9418354767497596,0.9563421627762108,0.2,SAGE,LiO,LiO
0.946729762472394,0.95576772997284,0.9331531667269832,0.9444604483499116,0.9581146147381088,0.968233564114013,0.9424967771539392,0.955365170633976,0.2,SAGE,LiO,LiO
0.9499432743105324,0.9613780186647009,0.9324946526016226,0.9469363356331616,0.9593867239073502,0.9705777287044756,0.9421220157996316,0.9563498722520536,0.2,SAGE,LiO,LiO
0.9743381279988664,0.988849918748646,0.9424208746867346,0.9656353967176904,0.9755075084221472,0.9888283504877096,0.9482429156626284,0.9685356330751688,0.4,SAGE,LiO,LiO
0.9746788951332336,0.9888663723864548,0.9435220902452875,0.9661942313158712,0.9757670094088708,0.9888229004564548,0.9490222625660828,0.9689225815112688,0.4,SAGE,LiO,LiO
0.9736774429144106,0.9879112656350016,0.9434504252420473,0.9656808454385244,0.9756384414720406,0.9887648850351416,0.948938462458087,0.9688516737466144,0.4,SAGE,LiO,LiO
0.9753136909492794,0.9893272036971892,0.9441296685602456,0.9667284361287174,0.9762291455564984,0.9892144815527236,0.9492543386062006,0.969234410079462,0.4,SAGE,LiO,LiO
0.9741881102199662,0.9883282106957582,0.9434170762441532,0.9658726434699556,0.975473122916755,0.9884600940213286,0.948901604498007,0.9686808492596678,0.4,SAGE,LiO,LiO
0.9854379086528222,0.9932357570642448,0.9575699432186656,0.9754028501414552,0.985828165444451,0.9927723784630044,0.963309133356003,0.9780407559095036,0.6000000000000001,SAGE,LiO,LiO
0.985440224236688,0.9929567299366048,0.9587154865741756,0.97583610825539,0.9856884971285508,0.992341514096818,0.9643307635883585,0.9783361388425882,0.6000000000000001,SAGE,LiO,LiO
0.9852039240899646,0.992942561645314,0.9592479285529334,0.9760952450991238,0.9858198149486194,0.992636978407356,0.9646588971280544,0.9786479377677052,0.6000000000000001,SAGE,LiO,LiO
0.985897351853635,0.993342378336819,0.9589227889778738,0.9761325836573465,0.9862129199496096,0.9929292283998762,0.9642799820976924,0.9786046052487842,0.6000000000000001,SAGE,LiO,LiO
0.9851812379393862,0.9927385196988964,0.9589294818089356,0.975834000753916,0.9857931569797476,0.9925943040248214,0.9641952893496712,0.9783947966872464,0.6000000000000001,SAGE,LiO,LiO
0.9928243294979444,0.997342612818824,0.9641446859172949,0.9807436493680592,0.993189466523408,0.9972349317841244,0.9706989782281455,0.9839669550061352,0.8,SAGE,LiO,LiO
0.9930048009238328,0.9975617837288036,0.9635441343955544,0.9805529590621788,0.9932721974530354,0.9973706476496208,0.9706378481335212,0.984004247891571,0.8,SAGE,LiO,LiO
0.992849325014922,0.997481533878812,0.964043306770994,0.980762420324903,0.9931512277534642,0.9973477564001524,0.9704721265387584,0.9839099414694554,0.8,SAGE,LiO,LiO
0.9933461091483712,0.9975235889748544,0.9653898039420492,0.9814566964584518,0.99346667394345,0.9973372372655362,0.972002323138546,0.9846697802020412,0.8,SAGE,LiO,LiO
0.9927794963605246,0.9974177772944288,0.964246899662416,0.9808323384784224,0.9931695391181,0.9972729698471045,0.9709166027085852,0.9840947862778447,0.8,SAGE,LiO,LiO
0.9623902986868906,0.9710284505063148,0.6133612755089491,0.7921948630076321,0.9610526352341268,0.969728812952652,0.6296583242225655,0.7996935685876088,0.2,GCN,OLD,OLD
0.962059947761094,0.9707499319309232,0.614234128282778,0.7924920301068505,0.9609425627126866,0.9696974182985424,0.6315364741379634,0.8006169462182529,0.2,GCN,OLD,OLD
0.9623382026382284,0.9710309993119888,0.6126930405720822,0.7918620199420354,0.961159291576728,0.9699140942603824,0.6298416292598121,0.7998778617600972,0.2,GCN,OLD,OLD
0.9623696255133108,0.9710671715486984,0.6125505632751787,0.7918088674119386,0.9611817370190155,0.9699409755618358,0.6302425875345568,0.8000917815481963,0.2,GCN,OLD,OLD
0.9621183743386504,0.9707498442694816,0.613453997362783,0.7921019208161324,0.9610406324998796,0.9697336040571806,0.6310510802857884,0.8003923421714845,0.2,GCN,OLD,OLD
0.8675074705631468,0.8954547269843559,0.6036158295392692,0.7495352782618125,0.8933588980473339,0.913335353588676,0.6272014846122784,0.7702684191004772,0.4,GCN,OLD,OLD
0.8704501762591585,0.8982817446574043,0.603028537405555,0.7506551410314797,0.8973557423237005,0.9174892125449278,0.6253607022982881,0.7714249574216079,0.4,GCN,OLD,OLD
0.8697364890634239,0.8977846613663908,0.6015247504843156,0.7496547059253532,0.8964259924917221,0.9164984931745124,0.6270211886009688,0.7717598408877406,0.4,GCN,OLD,OLD
0.8689002067817804,0.8970629199345697,0.5990228674046529,0.7480428936696113,0.896078295586576,0.916303695338804,0.6222576878709277,0.7692806916048659,0.4,GCN,OLD,OLD
0.8681193983409508,0.896081176626174,0.6044267743265722,0.7502539754763731,0.8947378630346097,0.9148377221390998,0.62995807811285,0.7723979001259749,0.4,GCN,OLD,OLD
0.9207027416391952,0.932056515840914,0.5624434030281561,0.747249959434535,0.9335638128645988,0.9418630650043708,0.5971005319810208,0.7694817984926958,0.6000000000000001,GCN,OLD,OLD
0.9184801137886728,0.9298280009410228,0.5545315826851629,0.7421797918130928,0.9315737310547028,0.9398679750394874,0.5897962529043191,0.7648321139719032,0.6000000000000001,GCN,OLD,OLD
0.9179353882933604,0.92949462699782,0.5636072751149748,0.7465509510563973,0.9316310343667202,0.9400217956340136,0.5966801954738026,0.7683509955539081,0.6000000000000001,GCN,OLD,OLD
0.9194704884044212,0.930803831466107,0.5631796878843235,0.7469917596752152,0.9329276567470264,0.9412102479057954,0.596791575313444,0.7690009116096197,0.6000000000000001,GCN,OLD,OLD
0.917949200273945,0.929310738520541,0.5615415363809022,0.7454261374507216,0.931120896739076,0.9394023551439714,0.5987719025851597,0.7690871288645655,0.6000000000000001,GCN,OLD,OLD
0.9416685101577346,0.9460484935194784,0.517221989217438,0.7316352413684583,0.9435588993835268,0.9469651275411404,0.5399225498442174,0.7434438386926789,0.8,GCN,OLD,OLD
0.9424155287986618,0.9469056200370664,0.5000598363442537,0.7234827281906601,0.9443593108490168,0.9478514001798294,0.5173984459051872,0.7326249230425084,0.8,GCN,OLD,OLD
0.9434305900526878,0.9479948710792596,0.5023270429113191,0.7251609569952895,0.9449219031894448,0.9484590622128256,0.5247988002251229,0.7366289312189743,0.8,GCN,OLD,OLD
0.9421502782981525,0.9467595178379564,0.5011647502779671,0.7239621340579618,0.9441070421754504,0.9476553063435696,0.522259947854802,0.7349576270991858,0.8,GCN,OLD,OLD
0.9406255187746714,0.9454293578334168,0.5087599953922366,0.7270946766128267,0.9432029724288056,0.9468493770650914,0.5309373076038084,0.7388933423344499,0.8,GCN,OLD,OLD
0.5727418431449888,0.5830579163147949,0.5343743445517238,0.5587161304332593,0.5093387942092604,0.4462670374117153,0.5634473267350545,0.5048571820733849,0.2,GCN,OLD,LiO
0.5701673352604644,0.5805784536084242,0.5320559625701279,0.556317208089276,0.5058851746754873,0.4438727272695005,0.5608993387298988,0.5023860329996996,0.2,GCN,OLD,LiO
0.5752587897925101,0.5886753195426299,0.5323602862291318,0.5605178028858808,0.5105489294220087,0.4525674874738895,0.5601373633009369,0.5063524253874132,0.2,GCN,OLD,LiO
0.5682585398642036,0.5758187923013908,0.5339809973896501,0.5548998948455204,0.5045752230014802,0.4376403784175884,0.5631408552430532,0.5003906168303208,0.2,GCN,OLD,LiO
0.5759536964288561,0.5882237628657141,0.5345717284140812,0.5613977456398976,0.5124668461677047,0.4533517734858103,0.5629219100257619,0.5081368417557861,0.2,GCN,OLD,LiO
0.5549398002428725,0.5358779468286845,0.5743709735701741,0.5551244601994293,0.4892281976283066,0.3878042556640657,0.6189605954477198,0.5033824255558927,0.4,GCN,OLD,LiO
0.5567215218651138,0.5380541588134087,0.5759255196243342,0.5569898392188715,0.4912728429078655,0.3906332747462989,0.6210872520730424,0.5058602634096706,0.4,GCN,OLD,LiO
0.5948997987740676,0.596908066000709,0.5764644858424577,0.5866862759215834,0.5263420271094896,0.4527910101955099,0.6197495507489137,0.5362702804722118,0.4,GCN,OLD,LiO
0.6009120142250917,0.6056632266707314,0.5747737282271459,0.5902184774489386,0.53140473494074,0.4608865831188469,0.6192540727448576,0.5400703279318522,0.4,GCN,OLD,LiO
0.5617710669415508,0.5458232117447634,0.5743873891096075,0.5601053004271854,0.4950848090451154,0.3972414112240662,0.6194344967614518,0.508337953992759,0.4,GCN,OLD,LiO
0.4999231935893778,0.3603135419880037,0.6562288719941378,0.5082712069910708,0.358161075704027,0.1324962529661758,0.704973318456332,0.4187347857112539,0.6000000000000001,GCN,OLD,LiO
0.4982480688530114,0.3579369808076273,0.6556149196000088,0.506775950203818,0.3580580407829227,0.1293261112977334,0.7086881838696837,0.4190071475837086,0.6000000000000001,GCN,OLD,LiO
0.4988756673713451,0.3609384865422693,0.651742901278295,0.5063406939102821,0.3591483157287369,0.1345945928949068,0.702372744643492,0.4184836687691994,0.6000000000000001,GCN,OLD,LiO
0.4988514123969544,0.3595803318789141,0.654005602852058,0.5067929673654861,0.3589427266430783,0.1324177026883713,0.7064974153807226,0.4194575590345469,0.6000000000000001,GCN,OLD,LiO
0.499585023911541,0.3588923116451652,0.6554749069677037,0.5071836093064345,0.3580608000768464,0.130063436907645,0.7079188443293375,0.4189911406184913,0.6000000000000001,GCN,OLD,LiO
0.738816252265551,0.761499156662647,0.6785211719474914,0.7200101643050691,0.6581698230627169,0.6533593881183088,0.7542782573384906,0.7038188227283997,0.8,GCN,OLD,LiO
0.7170545386049597,0.7345445702492271,0.6850481410038531,0.7097963556265401,0.631368576743405,0.6173966379598069,0.7602299091952145,0.6888132735775108,0.8,GCN,OLD,LiO
0.7326683755967667,0.753192669847313,0.6891269385314267,0.7211598041893699,0.6503916508332839,0.6420329765219235,0.7603447066075479,0.7011888415647357,0.8,GCN,OLD,LiO
0.6142221143068571,0.611558909137437,0.6819927901856518,0.6467758496615444,0.5129430371854765,0.4653706127066834,0.7579137434158514,0.6116421780612674,0.8,GCN,OLD,LiO
0.7125486015353627,0.729357931860354,0.6848608256969974,0.7071093787786757,0.6263830708942801,0.6116866818756861,0.7558528933884234,0.6837697876320548,0.8,GCN,OLD,LiO
0.7707928548525187,0.7815948381145441,0.5278978451179066,0.6547463416162254,0.7276357876945891,0.7337243662037558,0.5484549120039535,0.6410896391038546,0.2,GCN,LiO,OLD
0.7830021139857073,0.7945108870705728,0.5264924348550059,0.6605016609627894,0.7443933303359472,0.7518243531595195,0.5485397426989035,0.6501820479292115,0.2,GCN,LiO,OLD
0.7859219351839781,0.7975117749654779,0.5256833537224337,0.6615975643439558,0.7469972531770295,0.7546582691751412,0.5464095949242724,0.6505339320497068,0.2,GCN,LiO,OLD
0.7884302001267413,0.8000156370297206,0.5269833911993904,0.6634995141145554,0.7499956418135016,0.7576687930246196,0.5478736165156557,0.6527712047701377,0.2,GCN,LiO,OLD
0.7829142514758854,0.7944054383197052,0.5260419970839284,0.6602237177018169,0.7436875930825044,0.7510397765512667,0.5484386608524503,0.6497392187018585,0.2,GCN,LiO,OLD
0.9648576250138164,0.9708427981859454,0.5743808593054659,0.7726118287457057,0.96077799381208,0.9669963535782912,0.6073076652342915,0.7871520094062914,0.4,GCN,LiO,OLD
0.9643496541220844,0.9703967286579676,0.5735292303789752,0.7719629795184715,0.960445548300596,0.9667470436182796,0.6044670924413819,0.7856070680298308,0.4,GCN,LiO,OLD
0.9646217047052456,0.9706587145597884,0.569367300608187,0.7700130075839877,0.9605738247552976,0.96684792774182,0.6040038075471829,0.7854258676445014,0.4,GCN,LiO,OLD
0.9646753145319932,0.970664660609113,0.5752090915393634,0.7729368760742382,0.960798743718088,0.9670370064980502,0.6082095961434973,0.7876233013207738,0.4,GCN,LiO,OLD
0.9650263461224912,0.9709735070184504,0.5820346611246904,0.7765040840715703,0.9611156744732,0.9673107800057512,0.6107169636071251,0.7890138718064381,0.4,GCN,LiO,OLD
0.9659305895322168,0.968716330182072,0.545631063685066,0.757173696933569,0.9617385227058564,0.9645608636649956,0.5794720539301165,0.772016458797556,0.6000000000000001,GCN,LiO,OLD
0.9650851222309008,0.9679310164634196,0.5392254324845287,0.7535782244739742,0.9608744151891938,0.963756599969175,0.5684441587921695,0.7661003793806722,0.6000000000000001,GCN,LiO,OLD
0.9653332536501537,0.968189409006494,0.5398356908804688,0.7540125499434813,0.96116801403639,0.9640708598166098,0.5707588844326239,0.7674148721246168,0.6000000000000001,GCN,LiO,OLD
0.9654646287100958,0.9682810705131758,0.5471382007004378,0.7577096356068068,0.9613698847227574,0.9642388744948396,0.5733804247584385,0.7688096496266391,0.6000000000000001,GCN,LiO,OLD
0.9658280896893396,0.9686195672532688,0.5493381941269204,0.7589788806900946,0.961629384196784,0.9644668826894424,0.5785084660811712,0.7714876743853069,0.6000000000000001,GCN,LiO,OLD
0.955757943721637,0.9575291452271298,0.4969193176135372,0.7272242314203335,0.9467384557445728,0.9484509915130658,0.5139579550189365,0.7312044732660011,0.8,GCN,LiO,OLD
0.9552915882264524,0.9570670727494792,0.5009894607444452,0.7290282667469621,0.9466985008039248,0.9484246949286992,0.5145521483075354,0.7314884216181172,0.8,GCN,LiO,OLD
0.9555750537712262,0.9573521274002804,0.4979597670313764,0.7276559472158285,0.9464937991462588,0.9482293129658604,0.5147512006299712,0.7314902567979158,0.8,GCN,LiO,OLD
0.955532597801009,0.957228445908238,0.5030728122353625,0.7301506290718003,0.9469808214864034,0.9486352269374408,0.5250206388641862,0.7368279329008135,0.8,GCN,LiO,OLD
0.9556196040416164,0.957378530114113,0.50246818992868,0.7299233600213966,0.9467559930211752,0.9484623414795486,0.5185454381502603,0.7335038898149044,0.8,GCN,LiO,OLD
0.8585759778237491,0.9009917340653226,0.8372539760284253,0.8691228550468739,0.8593751675361994,0.888248679320782,0.8541065191856584,0.8711775992532202,0.2,GCN,LiO,LiO
0.8455180203352064,0.8808308730391082,0.8364462429065543,0.8586385579728313,0.8416757121614041,0.8569471572639024,0.853361478962864,0.8551543181133832,0.2,GCN,LiO,LiO
0.8435379201604807,0.8801073192441948,0.8303534991248689,0.8552304091845319,0.8367353745255801,0.8534075657118778,0.84509008727422,0.8492488264930489,0.2,GCN,LiO,LiO
0.8465161791191145,0.8790096108861933,0.8421626305959365,0.860586120741065,0.840757293029173,0.8518699059629267,0.8581089326656829,0.8549894193143048,0.2,GCN,LiO,LiO
0.8590575062184773,0.9014455824882576,0.8380138682863599,0.8697297253873089,0.8604136161284844,0.888870983709946,0.856070705624587,0.8724708446672664,0.2,GCN,LiO,LiO
0.9267757522090778,0.9594050946573212,0.8850864769478725,0.9222457858025968,0.9166027820273132,0.9460797344087544,0.8835383271645334,0.914809030786644,0.4,GCN,LiO,LiO
0.9259617241873396,0.9580796018761908,0.8847036050954781,0.9213916034858344,0.915201468952162,0.9434439789960708,0.8837606497222624,0.9136023143591666,0.4,GCN,LiO,LiO
0.9278747049506434,0.9611514588380324,0.8850362064387107,0.9230938326383716,0.9185772159526958,0.9491708044853008,0.8835243875790735,0.9163475960321872,0.4,GCN,LiO,LiO
0.928054131097745,0.9601763409688376,0.8868156465166379,0.9234959937427376,0.919235827004566,0.9480173854023566,0.8867910281341828,0.9174042067682696,0.4,GCN,LiO,LiO
0.9277363919465252,0.9603078922797432,0.8860209242874282,0.9231644082835856,0.917962229205242,0.9475280383165678,0.8848274000240784,0.9161777191703232,0.4,GCN,LiO,LiO
0.9169065615262998,0.9539215217185412,0.8555207996488352,0.9047211606836882,0.9065833543549172,0.9398905557446464,0.8737053014313281,0.9067979285879872,0.6000000000000001,GCN,LiO,LiO
0.91888445338227,0.9566318390175538,0.8569905116524695,0.9068111753350117,0.908955566328846,0.9435078967006426,0.8753076389323908,0.9094077678165168,0.6000000000000001,GCN,LiO,LiO
0.917554238720329,0.954492970890088,0.8585760641601095,0.9065345175250988,0.9070291437178492,0.9401346912702836,0.8762163784770216,0.9081755348736524,0.6000000000000001,GCN,LiO,LiO
0.9155247511780448,0.9518635252014253,0.8579955092889942,0.9049295172452096,0.904473092502008,0.9364528661644445,0.8758070307858392,0.9061299484751418,0.6000000000000001,GCN,LiO,LiO
0.9169518839234788,0.9533679875310748,0.8603843005283641,0.9068761440297196,0.907144653502397,0.9398435039161096,0.8769848810995218,0.9084141925078156,0.6000000000000001,GCN,LiO,LiO
0.8934936018363178,0.905921142138393,0.8339722731383229,0.869946707638358,0.8601966147482596,0.8659527710562565,0.8490016658490851,0.8574772184526708,0.8,GCN,LiO,LiO
0.9080886688260216,0.9241814581781432,0.8349707084257596,0.8795760833019515,0.8851688208724473,0.8975164975477259,0.8505454128126763,0.874030955180201,0.8,GCN,LiO,LiO
0.9028126262029724,0.9178405415552424,0.8328731441050737,0.8753568428301581,0.876402502962506,0.886852490844128,0.8487389973090917,0.8677957440766099,0.8,GCN,LiO,LiO
0.9015008464095792,0.9159051657599162,0.8350216262562156,0.8754633960080659,0.8732994927221003,0.8824668994763522,0.850720147566215,0.8665935235212836,0.8,GCN,LiO,LiO
0.9080468177086358,0.9241164460312784,0.8337688900415708,0.8789426680364246,0.8837270762131926,0.8956013002184353,0.847252215353088,0.8714267577857617,0.8,GCN,LiO,LiO
0.948639283244231,0.9555975550949284,0.7093535763841508,0.8324755657395396,0.9567241033004416,0.9635894818225688,0.6520947584113341,0.8078421201169514,0.2,RGCN,OLD,OLD
0.9479598102480352,0.954995530025182,0.7051987771919793,0.8300971536085806,0.9559500340601574,0.9628500649853736,0.6471951112585597,0.8050225881219666,0.2,RGCN,OLD,OLD
0.9485175091575656,0.9556949206542044,0.7079480216793841,0.8318214711667942,0.9564616708655104,0.9634617309441488,0.6532191635378148,0.8083404472409818,0.2,RGCN,OLD,OLD
0.9486406383257254,0.9557231898224092,0.704868628315422,0.8302959090689156,0.9569701449292192,0.9639479940357958,0.6481950042671026,0.8060714991514493,0.2,RGCN,OLD,OLD
0.9483168214890256,0.9554355786168622,0.7056017067076957,0.830518642662279,0.9564237182929272,0.9634013879433002,0.6485381859210682,0.8059697869321842,0.2,RGCN,OLD,OLD
0.9684415620376084,0.972667333848591,0.7227413955335368,0.8477043646910639,0.964138590907068,0.9685201532529928,0.6586851896850701,0.8136026714690314,0.4,RGCN,OLD,OLD
0.9682662256261266,0.9724727467187771,0.72283051156558,0.8476516291421785,0.9639917480726374,0.968368649359424,0.6574492317583683,0.8129089405588962,0.4,RGCN,OLD,OLD
0.9685142058091945,0.9726656531619874,0.7268747903904863,0.8497702217762368,0.9641737083236328,0.968482059046153,0.6654750771017889,0.816978568073971,0.4,RGCN,OLD,OLD
0.968162245406782,0.9724003409517048,0.7197077262193413,0.8460540335855231,0.964025662189678,0.96842448588706,0.6552519090439615,0.8118381974655108,0.4,RGCN,OLD,OLD
0.9683095568873684,0.972535489196818,0.7194320640405343,0.8459837766186762,0.9639928989706676,0.9683849255018688,0.6529637057303572,0.810674315616113,0.4,RGCN,OLD,OLD
0.9688762614689184,0.9707975289449122,0.6991453300051603,0.8349714294750363,0.9637287834874952,0.9657237079035252,0.6349099543355924,0.8003168311195588,0.6000000000000001,RGCN,OLD,OLD
0.9684599240665815,0.9703802033086034,0.6931283712641849,0.8317542872863941,0.9631846519435492,0.9651739770095168,0.6298967129056777,0.7975353449575973,0.6000000000000001,RGCN,OLD,OLD
0.9686446011146264,0.9705871646784908,0.6888396482537361,0.8297134064661134,0.9631614600348816,0.965172340632263,0.6278897920511247,0.7965310663416938,0.6000000000000001,RGCN,OLD,OLD
0.968668595619822,0.970617514251488,0.690321119035694,0.830469316643591,0.9636072564725044,0.965632522990006,0.627602326389413,0.7966174246897095,0.6000000000000001,RGCN,OLD,OLD
0.9686092851918436,0.9705392054986274,0.6971468358752166,0.8338430206869221,0.963235747121217,0.9652397175967194,0.6342268593814754,0.7997332884890974,0.6000000000000001,RGCN,OLD,OLD
0.937479020137578,0.940814901139579,0.6959660942505034,0.8183904976950411,0.925223869826126,0.928181372701624,0.6309179805318375,0.7795496766167307,0.8,RGCN,OLD,OLD
0.9375354073257884,0.9408695148343008,0.6858903366267498,0.8133799257305252,0.92538374993967,0.9283397165553452,0.6264697417149148,0.77740472913513,0.8,RGCN,OLD,OLD
0.9377049478567152,0.9410270698865996,0.685059319215205,0.8130431945509022,0.9252901378174684,0.9282419224675312,0.6270186538796401,0.7776302881735857,0.8,RGCN,OLD,OLD
0.9386152422490028,0.9419360745627572,0.6858179248039611,0.813876999683359,0.9266321022552002,0.9295869674015832,0.6209106092312858,0.7752487883164345,0.8,RGCN,OLD,OLD
0.9375048411800654,0.9408131888379996,0.6801950571782207,0.8105041230081103,0.9251671123872154,0.9281139980919676,0.6246674363809926,0.7763907172364801,0.8,RGCN,OLD,OLD
0.9418985134755484,0.9758457847433546,0.874981658454782,0.9254137215990684,0.9454868346519388,0.9829580181248776,0.8598234615291662,0.921390739827022,0.2,RGCN,OLD,LiO
0.9412106934215776,0.9754036985640968,0.8736764469480137,0.9245400727560552,0.9448212304774912,0.9825356091990542,0.8582576190423155,0.9203966141206849,0.2,RGCN,OLD,LiO
0.941458160016042,0.9764966388216232,0.872925676685383,0.924711157753503,0.9448311593859942,0.9830330181043314,0.8574862588769623,0.9202596384906468,0.2,RGCN,OLD,LiO
0.941481707883232,0.9751664165141232,0.8744341628217258,0.9248002896679244,0.9449395594450436,0.9825675019093943,0.8581828586798594,0.920375180294627,0.2,RGCN,OLD,LiO
0.9411936166811226,0.9747253683229664,0.8748406315477014,0.924782999935334,0.9449476928896544,0.982203841616446,0.859462393081915,0.9208331173491804,0.2,RGCN,OLD,LiO
0.9628551045509224,0.9902301422166556,0.887981864964581,0.9391060035906182,0.9579197683475842,0.9898831766625134,0.8635505150784959,0.9267168458705046,0.4,RGCN,OLD,LiO
0.9632068767426109,0.9903893455611924,0.8892889974943308,0.9398391715277616,0.9582237441403714,0.9901886165572856,0.8642692478214913,0.9272289321893884,0.4,RGCN,OLD,LiO
0.963108961113488,0.990101341094562,0.8892078990068291,0.9396546200506956,0.9581612816376358,0.98976379651826,0.8644368163853815,0.9271003064518206,0.4,RGCN,OLD,LiO
0.9628528760843804,0.9900540197719522,0.8885336926730306,0.9392938562224914,0.9578117000160392,0.9896052164089496,0.8636348927139529,0.9266200545614512,0.4,RGCN,OLD,LiO
0.9629546342799794,0.9900733435689096,0.8888312518535726,0.9394522977112412,0.9577952369955782,0.9895957390790636,0.86357349989034,0.9265846194847018,0.4,RGCN,OLD,LiO
0.9696025200875964,0.9911073099507924,0.8605560505215967,0.9258316802361946,0.966579832387494,0.9901700725660764,0.8513369889968261,0.9207535307814512,0.6000000000000001,RGCN,OLD,LiO
0.9691437057488708,0.9905328237724498,0.8612304860628905,0.9258816549176702,0.9660797011646932,0.9894358754761472,0.8520026086634134,0.9207192420697804,0.6000000000000001,RGCN,OLD,LiO
0.9693986739943288,0.9910750825436828,0.8607055106643164,0.9258902966039996,0.9665276002209086,0.9902759562816836,0.8508684450634969,0.9205722006725904,0.6000000000000001,RGCN,OLD,LiO
0.9688924712669118,0.990825075615803,0.8593328010774044,0.9250789383466036,0.9657260831144548,0.9898676219206368,0.8489100755505387,0.9193888487355876,0.6000000000000001,RGCN,OLD,LiO
0.9692027084128618,0.9907829385278006,0.8610449585407958,0.9259139485342982,0.9661439748517726,0.989865093521237,0.851192660101607,0.920528876811422,0.6000000000000001,RGCN,OLD,LiO
0.9731870531638304,0.9865919134799224,0.8435067120057105,0.9150493127428164,0.9698829009301948,0.9846348627090792,0.8399398155987934,0.9122873391539364,0.8,RGCN,OLD,LiO
0.9735458643269084,0.9870781286730864,0.8455612499756162,0.9163196893243511,0.9704179116835046,0.985395452071889,0.8423594492795465,0.9138774506757178,0.8,RGCN,OLD,LiO
0.9733490442331344,0.9866385142015576,0.8464109964782036,0.9165247553398806,0.9701509625113324,0.9849141818534358,0.8420877148915044,0.91350094837247,0.8,RGCN,OLD,LiO
0.9733548034148354,0.9870626275602852,0.8452370827485525,0.9161498551544188,0.970249598091022,0.985395684294496,0.8415440076964591,0.9134698459954776,0.8,RGCN,OLD,LiO
0.9730637507049764,0.9865300070207728,0.8454581117319409,0.9159940593763568,0.9697320845556918,0.9845116528551568,0.841046553779785,0.9127791033174708,0.8,RGCN,OLD,LiO
0.9579570923516468,0.9689534693645108,0.7330303281840084,0.8509918987742595,0.9536537147913486,0.9679222127959372,0.6751145557302372,0.8215183842630872,0.2,RGCN,LiO,OLD
0.9575103627829352,0.9685322489519856,0.7309703457459255,0.8497512973489555,0.9536626275749492,0.9679476580986468,0.6735355266826766,0.8207415923906618,0.2,RGCN,LiO,OLD
0.9579368936963896,0.9689606225219418,0.7332650617203308,0.8511128421211362,0.9536198203718012,0.967903798171114,0.6780804085253552,0.8229921033482346,0.2,RGCN,LiO,OLD
0.9578662884373425,0.9688843232071728,0.7330037792861849,0.8509440512466788,0.954090212198784,0.9683788094803736,0.6765751710680243,0.822476990274199,0.2,RGCN,LiO,OLD
0.9576399399485832,0.9686201303584028,0.7336082195765963,0.8511141749674995,0.9539024038693448,0.968160483061626,0.6765594348526266,0.8223599589571262,0.2,RGCN,LiO,OLD
0.9650504455226148,0.9719424481606066,0.730483167085541,0.8512128076230738,0.95892491829149,0.967527988625323,0.6705395258470083,0.8190337572361657,0.4,RGCN,LiO,OLD
0.9647006499468844,0.9716636513293186,0.7283162481423496,0.8499899497358341,0.9585614075772628,0.9672788857502728,0.666862173547845,0.8170705296490589,0.4,RGCN,LiO,OLD
0.9649325429003988,0.9718305964988716,0.7307240926249446,0.8512773445619082,0.9587921331423284,0.9674080596501842,0.6725731645037233,0.8199906120769538,0.4,RGCN,LiO,OLD
0.9648820148466154,0.9718875157682904,0.7261977788618494,0.8490426473150698,0.9587880125115452,0.9675420511670152,0.6680047646297108,0.8177734078983631,0.4,RGCN,LiO,OLD
0.9649460964528288,0.9719402998942605,0.7282319067940803,0.8500861033441705,0.9587248508758568,0.9674814651154886,0.6692834789210642,0.8183824720182764,0.4,RGCN,LiO,OLD
0.964298240189233,0.967074818017986,0.7095017525835383,0.838288285300762,0.9604123838226568,0.9637335873646812,0.6489691005216788,0.80635134394318,0.6000000000000001,RGCN,LiO,OLD
0.9635476447046012,0.9663665541385108,0.6975948745080445,0.8319807143232777,0.959728438282173,0.9630996713343296,0.637867630559527,0.8004836509469283,0.6000000000000001,RGCN,LiO,OLD
0.9640884475039224,0.9669278492680294,0.6951484617597549,0.8310381555138922,0.960075566032368,0.9634653368207842,0.6372219555817471,0.8003436462012656,0.6000000000000001,RGCN,LiO,OLD
0.9639991419072428,0.9668406538384549,0.6958268242497561,0.8313337390441053,0.9603210934503296,0.9637189277934508,0.6370351404348578,0.8003770341141543,0.6000000000000001,RGCN,LiO,OLD
0.963946508841984,0.9667491893327056,0.701939246449016,0.8343442178908609,0.9600095165628202,0.9633649472291396,0.6411682148398585,0.802266581034499,0.6000000000000001,RGCN,LiO,OLD
0.9597645479142206,0.9614171774889946,0.7046408288506207,0.8330290031698077,0.9487001217799232,0.9507996452874302,0.6439190560071144,0.7973593506472723,0.8,RGCN,LiO,OLD
0.9590902744154032,0.9608042201849984,0.693109193624397,0.8269567069046977,0.9480221888100968,0.9502148234047992,0.6294663123985548,0.7898405679016771,0.8,RGCN,LiO,OLD
0.9599715067378878,0.9617028476183108,0.6829880901256616,0.8223454688719862,0.9488247300237502,0.9510383557706046,0.6223786504748104,0.7867085031227075,0.8,RGCN,LiO,OLD
0.9594794327766863,0.961170748054822,0.6946742942631579,0.82792252115899,0.9481512161719482,0.9503065910994316,0.6311491960559947,0.7907278935777131,0.8,RGCN,LiO,OLD
0.9593202004254108,0.9610891750897582,0.677197617423811,0.8191433962567847,0.9480898914641004,0.950358623556652,0.6141476887581545,0.7822531561574033,0.8,RGCN,LiO,OLD
0.9526761629793944,0.9852215868864592,0.8926118511488775,0.9389167190176684,0.945338177877365,0.9879131422573324,0.85977802331176,0.9238455827845462,0.2,RGCN,LiO,LiO
0.9516823998878716,0.9846591132556732,0.8914108253490978,0.9380349693023856,0.9442645597997936,0.9874757497427848,0.8581457297234261,0.9228107397331052,0.2,RGCN,LiO,LiO
0.9517903740642116,0.98459119502435,0.8908844321830292,0.9377378136036896,0.94437814823408,0.9875344776368788,0.8575391856471264,0.9225368316420026,0.2,RGCN,LiO,LiO
0.951995941733678,0.985001374479792,0.891353561776174,0.938177468127983,0.9443533798541806,0.9878889556949876,0.8574418141514609,0.9226653849232244,0.2,RGCN,LiO,LiO
0.9518715066670228,0.9844282712351352,0.892308920931651,0.9383685960833932,0.944671101490616,0.9872838332381694,0.8594202209514341,0.9233520270948016,0.2,RGCN,LiO,LiO
0.9597539914625894,0.9909024057727168,0.8808655421747831,0.93588397397375,0.9527036476787348,0.9908170905744068,0.8507595023405822,0.9207882964574944,0.4,RGCN,LiO,LiO
0.9598349827183223,0.99121165712437,0.8809613087505048,0.9360864829374372,0.9526881245637708,0.9911374515683936,0.8504833040865456,0.9208103778274696,0.4,RGCN,LiO,LiO
0.9600528339557632,0.991148339356424,0.8816080381397986,0.9363781887481112,0.9531162137572587,0.991256094705596,0.8514484390828551,0.9213522668942256,0.4,RGCN,LiO,LiO
0.9595725818894726,0.990566753896839,0.8815876357483448,0.936077194822592,0.9525726274494136,0.9907611928575154,0.8511202557608111,0.9209407243091632,0.4,RGCN,LiO,LiO
0.9594096459572904,0.9905658104501672,0.8810150463319846,0.935790428391076,0.9522559592541952,0.9904856857359192,0.8502132679065293,0.9203494768212244,0.4,RGCN,LiO,LiO
0.9612215130672096,0.9883626375720924,0.8417384480563899,0.9150505428142413,0.9588864659271452,0.9901908307312032,0.8248250608518616,0.9075079457915324,0.6000000000000001,RGCN,LiO,LiO
0.9604747807719272,0.9875866709997444,0.8427629126682028,0.9151747918339737,0.9582285499019882,0.9894830906119884,0.8253876910237073,0.907435390817848,0.6000000000000001,RGCN,LiO,LiO
0.960695632224294,0.9875720080366018,0.8430863883874502,0.915329198212026,0.9586745055859368,0.9897821867754568,0.8253100806864712,0.907546133730964,0.6000000000000001,RGCN,LiO,LiO
0.959887120502626,0.9872876668552116,0.8414831375869845,0.914385402221098,0.957823210607583,0.9895653145357964,0.8234270460592837,0.90649618029754,0.6000000000000001,RGCN,LiO,LiO
0.9601788629277178,0.9869099025257076,0.8438485163775118,0.9153792094516098,0.958131712598503,0.9890267541014856,0.8260867824749814,0.9075567682882336,0.6000000000000001,RGCN,LiO,LiO
0.9745504342071828,0.9905324687425938,0.8276558061697176,0.9090941374561556,0.972424264829011,0.9903666706802174,0.8169363553717279,0.9036515130259728,0.8,RGCN,LiO,LiO
0.9751267678121202,0.991271905778369,0.8291020994606255,0.9101870026194973,0.9730947272489616,0.9912322259915534,0.8171112383138469,0.9041717321527,0.8,RGCN,LiO,LiO
0.9747320989780116,0.9908559555950894,0.8288732238849353,0.9098645897400124,0.9727519150274704,0.990954126666568,0.8166545112294138,0.903804318947991,0.8,RGCN,LiO,LiO
0.975049593943724,0.9911921062298512,0.8301917859729023,0.9106919461013768,0.9727842893257564,0.990880816389937,0.8199442891551793,0.905412552772558,0.8,RGCN,LiO,LiO
0.9748508075308676,0.9911869253381922,0.8297535934581965,0.9104702593981944,0.9729586600592262,0.9912709931698954,0.8173957340438285,0.904333363606862,0.8,RGCN,LiO,LiO
0.9657490151658654,0.9725685581306064,0.7267281922864464,0.8496483752085263,0.964434912039822,0.9717572369324904,0.6665631639747394,0.8191602004536148,0.2,HGE,OLD,OLD
0.9655049141677094,0.9724145817623532,0.7229546910237374,0.8476846363930453,0.9644048964086916,0.9718344248531648,0.6614144964113995,0.8166244606322821,0.2,HGE,OLD,OLD
0.9661044708167602,0.973042217124392,0.7234271897615652,0.8482347034429786,0.9647208741140082,0.9722004476760968,0.6626045553360451,0.8174025015060711,0.2,HGE,OLD,OLD
0.966186528246136,0.9731271080279914,0.7238520628623522,0.8484895854451717,0.9650056459583488,0.9724855251545468,0.6621671344517113,0.817326329803129,0.2,HGE,OLD,OLD
0.9662488046911676,0.9731312310170238,0.7254433314390591,0.8492872812280414,0.964981755115083,0.9723856044297552,0.6644786660941123,0.8184321352619337,0.2,HGE,OLD,OLD
0.9705146121780004,0.9752020016802424,0.721028571911132,0.8481152867956872,0.9676018281551098,0.972595864654906,0.6587638222885115,0.8156798434717087,0.4,HGE,OLD,OLD
0.9701890339517936,0.974899586091178,0.7194511116630158,0.8471753488770969,0.9673454268126266,0.9723582552995308,0.6574868734164749,0.8149225643580029,0.4,HGE,OLD,OLD
0.9704723896418695,0.9751467438684076,0.7214679753717494,0.8483073596200785,0.9676401469820752,0.9726228224601532,0.6592725693357191,0.8159476958979361,0.4,HGE,OLD,OLD
0.9703789674262242,0.9751054815405164,0.7184824609779775,0.8467939712592469,0.9676239724683964,0.9726587631594394,0.6578324807240015,0.8152456219417205,0.4,HGE,OLD,OLD
0.9704892232619552,0.9751818218583104,0.7199023591821083,0.8475420905202093,0.9677380496481508,0.972742599195452,0.6585903206704553,0.8156664599329537,0.4,HGE,OLD,OLD
0.9676971285914064,0.9696394290241372,0.6937111001859746,0.8316752646050559,0.9649464908857824,0.966983259588494,0.6251190053934013,0.7960511324909476,0.6000000000000001,HGE,OLD,OLD
0.9672542614945924,0.9692394879285658,0.6843104428301254,0.8267749653793457,0.964389534589708,0.966471206330098,0.6143130772071795,0.7903921417686387,0.6000000000000001,HGE,OLD,OLD
0.9677651529166074,0.9697608574963787,0.6799718846670848,0.8248663710817318,0.9648037575536424,0.966902595865484,0.6119743108901851,0.7894384533778345,0.6000000000000001,HGE,OLD,OLD
0.9675410421369088,0.969527037233319,0.6835316507320255,0.8265293439826722,0.96493453817841,0.967020765936129,0.6163468246094033,0.7916837952727661,0.6000000000000001,HGE,OLD,OLD
0.9677423046613628,0.9697159653749204,0.6891537858847037,0.829434875629812,0.9649389213694566,0.9670118963586536,0.6213461237411737,0.7941790100499136,0.6000000000000001,HGE,OLD,OLD
0.9546108920845664,0.9557144759530954,0.6673553919948128,0.8115349339739542,0.948742903831744,0.949934666881143,0.5958989585730188,0.7729168127270809,0.8,HGE,OLD,OLD
0.9547373003708548,0.9558747596239612,0.6536837223920766,0.8047792410080188,0.9493207397439208,0.9505537518804968,0.5804474066548093,0.765500579267653,0.8,HGE,OLD,OLD
0.9552099866843792,0.9564152464738348,0.6349453862731287,0.7956803163734818,0.9497861330379022,0.9510978449771168,0.561801640692533,0.7564497428348249,0.8,HGE,OLD,OLD
0.9553635218091776,0.9564822477348534,0.6609886832199906,0.8087354654774219,0.9496503998343546,0.9508416493823414,0.5923582370445457,0.7715999432134435,0.8,HGE,OLD,OLD
0.9549728406238658,0.9561216504868656,0.6461602507940549,0.8011409506404603,0.949435741357838,0.95068129580669,0.5718243648204924,0.7612528303135911,0.8,HGE,OLD,OLD
0.9505640398211886,0.9876784540379328,0.863498200608026,0.9255883273229794,0.9400516641173362,0.9870610597365436,0.7999457820954107,0.8935034209159771,0.2,HGE,OLD,LiO
0.9505118740008094,0.9883446651142964,0.8618249184333882,0.9250847917738424,0.939407491612454,0.9870978944819888,0.7975293689847156,0.8923136317333522,0.2,HGE,OLD,LiO
0.9503089987827972,0.9876884172977268,0.8622218213024546,0.9249551193000908,0.9393433882783891,0.9866385494697638,0.7981781170517094,0.8924083332607367,0.2,HGE,OLD,LiO
0.9512717613582216,0.9889354537598228,0.8630565230190199,0.9259959883894212,0.940225853061077,0.9876965829919092,0.7987446659260324,0.8932206244589709,0.2,HGE,OLD,LiO
0.9507673964102834,0.9879651700542966,0.8635378964326224,0.9257515332434596,0.9399136244091674,0.9868226952789798,0.8001868205242244,0.8935047579016021,0.2,HGE,OLD,LiO
0.9502239548598964,0.9910732594294775,0.8343899186573503,0.912731589043414,0.938838485609208,0.9886168935244602,0.7607774810019907,0.8746971872632254,0.4,HGE,OLD,LiO
0.9505056950361692,0.991697845113214,0.8345914133954894,0.9131446292543516,0.9390792764706092,0.989396318507526,0.760463760952107,0.8749300397298164,0.4,HGE,OLD,LiO
0.9506407123568684,0.9917546945760356,0.8347082786292082,0.913231486602622,0.939448869922938,0.9896475535736028,0.7610516942722765,0.8753496239229397,0.4,HGE,OLD,LiO
0.9507114297148936,0.9914838415367276,0.8357895303139067,0.9136366859253172,0.9393173853954532,0.98905281468357,0.7625700722504163,0.8758114434669932,0.4,HGE,OLD,LiO
0.9503141410655142,0.9911352451937966,0.8350380289853347,0.9130866370895656,0.9387973637179308,0.9886564404971632,0.760845264288312,0.8747508523927376,0.4,HGE,OLD,LiO
0.9525412212877142,0.9925477864673556,0.7516733725032415,0.8721105794852986,0.9437896456162584,0.9900100752732358,0.6578830131333245,0.8239465442032802,0.6000000000000001,HGE,OLD,LiO
0.9517994989382298,0.9921490434754568,0.750098853904883,0.8711239486901698,0.94277846561893,0.9893517365215764,0.6557881943611468,0.8225699654413616,0.6000000000000001,HGE,OLD,LiO
0.9524100598967564,0.9926416519688962,0.7517246889595304,0.8721831704642133,0.9438028332379224,0.9904107247147846,0.6576899409943533,0.824050332854569,0.6000000000000001,HGE,OLD,LiO
0.9519145899709026,0.9923079730809522,0.7500417377017232,0.8711748553913377,0.9429514116012702,0.989641282956321,0.6554275955346776,0.8225344392454993,0.6000000000000001,HGE,OLD,LiO
0.9520396378218596,0.9923030231331464,0.7508404470877229,0.8715717351104346,0.9431043277999258,0.989723612678303,0.6555219910125225,0.8226228018454127,0.6000000000000001,HGE,OLD,LiO
0.965838101120066,0.9905987793629668,0.6978329564665554,0.8442158679147611,0.9597140214791128,0.9863954564064412,0.6010925563362501,0.7937440063713457,0.8,HGE,OLD,LiO
0.9657833594682576,0.991108859189476,0.6982053659017553,0.8446571125456156,0.9598492404832552,0.9872388627130684,0.6005921261342628,0.7939154944236655,0.8,HGE,OLD,LiO
0.9656782447759368,0.9908836710710022,0.6997378849025189,0.8453107779867606,0.959721720198579,0.9869697629250536,0.6002630895272854,0.7936164262261695,0.8,HGE,OLD,LiO
0.965512006351924,0.990894713276774,0.6970842647018508,0.8439894889893124,0.9593861002081924,0.9868120723230211,0.5982075453096563,0.7925098088163387,0.8,HGE,OLD,LiO
0.965540423792238,0.9911714357870706,0.7001375170600364,0.8456544764235534,0.959816204370298,0.987585889062374,0.602195432393525,0.7948906607279496,0.8,HGE,OLD,LiO
0.9523963232595376,0.9601678421580816,0.7280730725583915,0.8441204573582365,0.9500488111898364,0.9585360020866112,0.6762389040940511,0.8173874530903311,0.2,HGE,LiO,OLD
0.951630578959722,0.9594995749298556,0.724681971603832,0.8420907732668438,0.9496247422789832,0.9582460089005382,0.6719088459933279,0.815077427446933,0.2,HGE,LiO,OLD
0.9520121357738036,0.9598369564160112,0.7259929834624959,0.8429149699392535,0.9498173902393552,0.9583534376837634,0.6749718885669136,0.8166626631253384,0.2,HGE,LiO,OLD
0.952342349504748,0.960117885408237,0.7281901195215201,0.8441540024648786,0.9503485477827278,0.958867952303094,0.6757986811083313,0.8173333167057126,0.2,HGE,LiO,OLD
0.952287464176331,0.9600587348897976,0.7275217713902549,0.8437902531400262,0.9502567544215922,0.9587567333565156,0.6741590575437766,0.816457895450146,0.2,HGE,LiO,OLD
0.9269072554149916,0.9329679411053852,0.7237143511938501,0.8283411461496177,0.9291900625926194,0.9360100470523792,0.6683729818113678,0.8021915144318736,0.4,HGE,LiO,OLD
0.9257760379941988,0.9318554099425488,0.7230563972991374,0.8274559036208431,0.9278044967730222,0.9346346785552816,0.6677770100723429,0.8012058443138121,0.4,HGE,LiO,OLD
0.9293302234015464,0.9354052771517244,0.7241508539877629,0.8297780655697437,0.9309589500022706,0.9377749086341204,0.6686816830801868,0.8032282958571535,0.4,HGE,LiO,OLD
0.9274861718487052,0.933638639605042,0.7181016197816006,0.8258701296933213,0.9297521656445704,0.9366892442970868,0.661845090219537,0.7992671672583119,0.4,HGE,LiO,OLD
0.9291808677111196,0.9352560431441144,0.7222998572676214,0.8287779502058679,0.931095540160128,0.9379652604020194,0.6671032233836145,0.802534241892817,0.4,HGE,LiO,OLD
0.9070525168036648,0.9097983169286716,0.69852418869421,0.8041612528114408,0.9113310949566018,0.9144980198539404,0.6448840621710403,0.7796910410124903,0.6000000000000001,HGE,LiO,OLD
0.9038673237569412,0.9066742388777732,0.6876282073715356,0.7971512231246544,0.9067263231226036,0.9099448751130134,0.6346659236727868,0.7723053993929001,0.6000000000000001,HGE,LiO,OLD
0.902346800539723,0.9051467840140122,0.6901656089925852,0.7976561965032987,0.9069329361285836,0.9101654888420292,0.6400113179492978,0.7750884033956635,0.6000000000000001,HGE,LiO,OLD
0.9053405547544988,0.9081239729557462,0.6925235815673224,0.8003237772615344,0.9103541387783748,0.913560736687396,0.6401782016604556,0.7768694691739257,0.6000000000000001,HGE,LiO,OLD
0.906054071411975,0.9087630472395242,0.7012792264727175,0.8050211368561209,0.9106033137695058,0.9137523553843324,0.6481043480032302,0.7809283516937813,0.6000000000000001,HGE,LiO,OLD
0.9029904224129414,0.9050551499486614,0.6978561154055918,0.8014556326771266,0.8848489551042436,0.8876424483531472,0.6473447770847196,0.7674936127189333,0.8,HGE,LiO,OLD
0.9029846472908808,0.9050790020154555,0.6928726176954056,0.7989758098554307,0.8854122924569249,0.8882257121694093,0.6484007212330769,0.7683132167012431,0.8,HGE,LiO,OLD
0.9029213243183004,0.9051168112392258,0.677702282418138,0.7914095468286819,0.8852271556157124,0.8882316404268278,0.6258353201317156,0.7570334802792718,0.8,HGE,LiO,OLD
0.9034686071098234,0.90555292266882,0.6972482257605829,0.8014005742147015,0.8859050253862172,0.8887102724760505,0.649212574859609,0.7689614236678297,0.8,HGE,LiO,OLD
0.9016802556197692,0.9038048488723684,0.684463518618312,0.7941341837453402,0.8837549950211451,0.8866334617520537,0.6373862336055124,0.7620098476787831,0.8,HGE,LiO,OLD
0.9448386950227416,0.990056944348052,0.8569292690692114,0.9234931067086316,0.9270220321297946,0.9873907793015966,0.8009566515997216,0.894173715450659,0.2,HGE,LiO,LiO
0.9449119896608124,0.9898565685569856,0.8573275546409813,0.9235920615989834,0.927136795134984,0.9870670296709998,0.8018385995956854,0.8944528146333426,0.2,HGE,LiO,LiO
0.9433513472135632,0.9898271710049674,0.8527775871910328,0.9213023790980002,0.9249621851848924,0.9869620445660232,0.7955787624821951,0.891270403524109,0.2,HGE,LiO,LiO
0.945055388416298,0.9900503859433104,0.8574309363402683,0.9237406611417892,0.9272599561933322,0.9873178416106058,0.8016945722385078,0.8945062069245568,0.2,HGE,LiO,LiO
0.945167542232837,0.9895368916014358,0.8589057283320705,0.9242213099667532,0.927666125829292,0.9866450720735828,0.8039712836242623,0.8953081778489225,0.2,HGE,LiO,LiO
0.950978566271104,0.9907458765565268,0.8561952037021872,0.923470540129357,0.9415271728666156,0.9888182730204136,0.8036110268432268,0.8962146499318202,0.4,HGE,LiO,LiO
0.9506680815684582,0.990637176964442,0.8548070371765544,0.9227221070704982,0.9414681281691472,0.9890313081038844,0.8011406736752131,0.8950859908895488,0.4,HGE,LiO,LiO
0.951187362206712,0.9907566089910684,0.8556540795803222,0.9232053442856952,0.9421344545231396,0.989248102906604,0.8024377628854447,0.8958429328960245,0.4,HGE,LiO,LiO
0.9512183002236833,0.9905201330795964,0.8565565406009901,0.9235383368402932,0.941957729581952,0.9887732894585544,0.8037464207348797,0.896259855096717,0.4,HGE,LiO,LiO
0.9506576146782892,0.990261394890096,0.855784499360158,0.923022947125127,0.9411582241589824,0.9884125758841988,0.8018537980521019,0.8951331869681504,0.4,HGE,LiO,LiO
0.9199660549596772,0.9646509888542114,0.8116905273752676,0.8881707581147396,0.9092432067392452,0.9546348791267454,0.7636476717613728,0.859141275444059,0.6000000000000001,HGE,LiO,LiO
0.9455815898283216,0.9846493541494518,0.8117541190089936,0.8982017365792228,0.9402153641076754,0.9820713693795956,0.7633016471353837,0.8726865082574897,0.6000000000000001,HGE,LiO,LiO
0.9459103920366736,0.9853536541891922,0.8111164137155495,0.8982350339523708,0.9407120609124991,0.9832388938097438,0.7628064156577947,0.8730226547337693,0.6000000000000001,HGE,LiO,LiO
0.9337279102528002,0.976247088210524,0.8106823067665856,0.8934646974885547,0.9271006354245912,0.9719611817919546,0.7630953720509732,0.8675282769214638,0.6000000000000001,HGE,LiO,LiO
0.9421162826275422,0.9828873002791124,0.8111730829576783,0.8970301916183954,0.936715817131286,0.980542164276803,0.761686998778621,0.8711145815277119,0.6000000000000001,HGE,LiO,LiO
0.9638575017680676,0.98725762033666,0.7857989867426015,0.8865283035396307,0.9580296226374664,0.9848990790552186,0.7542640213555208,0.8695815502053696,0.8,HGE,LiO,LiO
0.9650327736159235,0.9879059747395982,0.7908613189992407,0.8893836468694194,0.9592617140525718,0.9855401030419816,0.7604799000374897,0.8730100015397356,0.8,HGE,LiO,LiO
0.9645932962080666,0.9876200680636864,0.7900309868272691,0.8888255274454778,0.9588604199094146,0.985350522810285,0.7598786943559668,0.8726146085831259,0.8,HGE,LiO,LiO
0.964929894223724,0.9879942963275444,0.7879318281490337,0.887963062238289,0.9590680393185028,0.9856272475393872,0.7582307899201242,0.8719290187297557,0.8,HGE,LiO,LiO
0.9642771015080072,0.9876526827034008,0.7894091533313883,0.8885309180173946,0.9583819688243403,0.985424977542388,0.7559108812265247,0.8706679293844564,0.8,HGE,LiO,LiO
0.9722695140053352,0.9791113299913176,0.7712632968895352,0.8751873134404264,0.9709579129493444,0.978780786117671,0.7369260156820071,0.8578534008998391,0.2,R-HGE,OLD,OLD
0.9720213458668584,0.978931439979138,0.768483289558465,0.8737073647688015,0.9707544924117782,0.9786408279242068,0.7351652056748031,0.8569030167995051,0.2,R-HGE,OLD,OLD
0.9723469682331016,0.979256022414333,0.7677484479895458,0.8735022352019394,0.9709473378844946,0.9788394779888036,0.7342373628765904,0.8565384204326969,0.2,R-HGE,OLD,OLD
0.9721521797805744,0.9790349152952548,0.7684370131806268,0.8737359642379408,0.970816883649332,0.9786651961674696,0.7341751869023404,0.856420191534905,0.2,R-HGE,OLD,OLD
0.9722584089938534,0.9791235999849744,0.7695318797412225,0.8743277398630984,0.9710228687778482,0.9788719023713296,0.7355817074186726,0.8572268048950011,0.2,R-HGE,OLD,OLD
0.9757947602740802,0.9797910609021548,0.7727755640090309,0.8762833124555929,0.975017058094744,0.9792468275793016,0.7412319395620266,0.8602393835706641,0.4,R-HGE,OLD,OLD
0.975397161838606,0.9794260397575189,0.7717045075229887,0.8755652736402537,0.9745337067675658,0.978799281924067,0.7399486790889931,0.85937398050653,0.4,R-HGE,OLD,OLD
0.9755525644083484,0.979533845308814,0.7747226625289979,0.8771282539189059,0.9747912665804748,0.9789944913355692,0.7434117314709792,0.8612031114032742,0.4,R-HGE,OLD,OLD
0.9752703369458482,0.9792683084701131,0.7715662144732204,0.8754172614716668,0.97460541806809,0.9788341642653864,0.7414432307689643,0.8601386975171754,0.4,R-HGE,OLD,OLD
0.9754160347468028,0.979415075005892,0.7747999044017004,0.8771074897037963,0.974680093345662,0.978910032627018,0.7426055934713189,0.8607578130491684,0.4,R-HGE,OLD,OLD
0.9756631806381648,0.9774521282858484,0.7527538482985116,0.8651029882921799,0.9746452721440582,0.9765265828502674,0.7175767326786974,0.8470516577644824,0.6000000000000001,R-HGE,OLD,OLD
0.9751368178603476,0.976959244310128,0.7438314908278144,0.8603953675689713,0.9741149149852996,0.9760317664370902,0.7080228125118242,0.8420272894744572,0.6000000000000001,R-HGE,OLD,OLD
0.975660566059903,0.9774697222100142,0.7439631854433177,0.860716453826666,0.9744559154120092,0.9763577016967218,0.7086515328267414,0.8425046172617316,0.6000000000000001,R-HGE,OLD,OLD
0.9753467300524468,0.9771643852281302,0.7434054732379003,0.8602849292330152,0.9743098331716118,0.9762219078144724,0.7063182541258185,0.8412700809701454,0.6000000000000001,R-HGE,OLD,OLD
0.9755853953035633,0.9774042359907946,0.7493411005177286,0.8633726682542616,0.9744442411833136,0.976359270528684,0.7131379081081994,0.8447485893184417,0.6000000000000001,R-HGE,OLD,OLD
0.9670564965366852,0.968171614152793,0.7420428024311208,0.8551072082919569,0.9661748219673302,0.9673534091381308,0.6971775284357684,0.8322654687869496,0.8,R-HGE,OLD,OLD
0.9667059437175552,0.9678342724197716,0.7384887764304391,0.8531615244251054,0.9660950781894077,0.9672867676464038,0.6976395708049079,0.8324631692256559,0.8,R-HGE,OLD,OLD
0.9669603149858362,0.9681306838280246,0.7208165331800931,0.8444736085040588,0.9664037902319396,0.9676299025893778,0.684050277983346,0.8258400902863618,0.8,R-HGE,OLD,OLD
0.9671381395099584,0.9683061954400832,0.7242325863419024,0.8462693908909927,0.966355647280406,0.967577705374736,0.6834550644119128,0.8255163848933245,0.8,R-HGE,OLD,OLD
0.9669840264630007,0.968151570617088,0.7205674568546274,0.8443595137358577,0.9661756957984492,0.967403662735676,0.6806255286036779,0.8240145956696769,0.8,R-HGE,OLD,OLD
0.94582336204052,0.9910498035314242,0.8645963027864372,0.9278230531589308,0.9258066004008866,0.9904047510337468,0.8037182918760721,0.8970615214549094,0.2,R-HGE,OLD,LiO
0.9454261134862502,0.9910245075053918,0.8631290580377017,0.9270767827715468,0.925343445753094,0.9901419224315466,0.8018103994997892,0.8959761609656679,0.2,R-HGE,OLD,LiO
0.9457887044665848,0.9906820611568186,0.86409113350448,0.9273865973306492,0.9259559019062996,0.9898093884114438,0.8035695717642544,0.8966894800878491,0.2,R-HGE,OLD,LiO
0.9457502532056076,0.9910118892322838,0.8641174713104941,0.9275646802713888,0.9257582348510812,0.9902709202761456,0.8030076602971122,0.8966392902866289,0.2,R-HGE,OLD,LiO
0.9457185786802238,0.9906347501245504,0.8648154122643057,0.927725081194428,0.9261133612081222,0.9899745436367844,0.804659273154442,0.8973169083956132,0.2,R-HGE,OLD,LiO
0.954034396410984,0.9919622074769237,0.8502083591496203,0.921085283313272,0.9432549956932248,0.9902131300859488,0.7914746201414959,0.8908438751137224,0.4,R-HGE,OLD,LiO
0.9543547800549708,0.9925210283438044,0.8506302186770326,0.9215756235104186,0.9434748705840036,0.9907490914106384,0.791625262792441,0.8911871771015396,0.4,R-HGE,OLD,LiO
0.9544570597641712,0.9924884784074786,0.8503509232728694,0.921419700840174,0.9437554389158732,0.9908043998305214,0.7914988200936073,0.8911516099620643,0.4,R-HGE,OLD,LiO
0.9543277445747996,0.992172287827809,0.8510833535430138,0.9216278206854114,0.9435902432446236,0.9904387301391347,0.7924754669699284,0.8914570985545316,0.4,R-HGE,OLD,LiO
0.9537767174840752,0.991475644833532,0.8508786464637039,0.921177145648618,0.9428216393747229,0.9896036412347664,0.7917139140624415,0.8906587776486039,0.4,R-HGE,OLD,LiO
0.959753854333292,0.9933549690024678,0.7904884162689106,0.8919216926356892,0.9532811296496254,0.9914012759949576,0.7265433987464891,0.8589723373707234,0.6000000000000001,R-HGE,OLD,LiO
0.9598237960769858,0.9928957339371984,0.7917817617501701,0.8923387478436843,0.9530876149247878,0.9905460322668804,0.7281086395483927,0.8593273359076365,0.6000000000000001,R-HGE,OLD,LiO
0.96011484912448,0.9932321453995958,0.7933644502285828,0.8932982978140893,0.9537837857425292,0.9914508081666816,0.7299480943465482,0.860699451256615,0.6000000000000001,R-HGE,OLD,LiO
0.9595202891225724,0.992998399647474,0.7907367104574503,0.8918675550524622,0.952865581655997,0.9908781171810036,0.7260877025138681,0.8584829098474359,0.6000000000000001,R-HGE,OLD,LiO
0.9597262419844896,0.992932455770086,0.7921667376588167,0.8925495967144514,0.9530612612386008,0.990718916494394,0.7282578191599509,0.8594883678271725,0.6000000000000001,R-HGE,OLD,LiO
0.971014573699442,0.9919878707762207,0.7421868147878345,0.8670873427820277,0.965959933666132,0.9888600835738868,0.668467066152959,0.8286635748634228,0.8,R-HGE,OLD,LiO
0.9710537416592484,0.9922776961966208,0.7423142566873485,0.8672959764419845,0.9661689979575192,0.989435349810983,0.6665686077582355,0.8280019787846092,0.8,R-HGE,OLD,LiO
0.9706981610785568,0.9920207876618468,0.7424597847156665,0.8672402861887567,0.9658179538201974,0.9891662044460282,0.6657148498771501,0.8274405271615892,0.8,R-HGE,OLD,LiO
0.970875482292298,0.9920734241042848,0.7414829772917086,0.8667782006979967,0.9659288451034892,0.9891036341323848,0.6667662702489536,0.8279349521906693,0.8,R-HGE,OLD,LiO
0.97103671630708,0.9923705166425686,0.7443659462521777,0.8683682314473731,0.9663634183473612,0.9897660557984116,0.6695585962338927,0.8296623260161522,0.8,R-HGE,OLD,LiO
0.9638830136953752,0.9708113774876544,0.7387397991847735,0.854775588336214,0.9582552711916222,0.965673277913278,0.707198278862161,0.8364357783877194,0.2,R-HGE,LiO,OLD
0.963939229665572,0.970926435221266,0.7387821218602111,0.8548542785407385,0.958541318552203,0.9660518417861732,0.707194314730268,0.8366230782582206,0.2,R-HGE,LiO,OLD
0.963930664700318,0.9708892963719428,0.738778758652017,0.8548340275119799,0.958105478759386,0.9655548638180996,0.7064879165455036,0.8360213901818015,0.2,R-HGE,LiO,OLD
0.9640565577035318,0.9710501965373972,0.7382841017527864,0.8546671491450919,0.9585584975172828,0.9660681943439232,0.7060059125351101,0.8360370534395167,0.2,R-HGE,LiO,OLD
0.9638936020794756,0.9708860272906312,0.7393101193650696,0.8550980733278505,0.9584743560616212,0.9660018448704673,0.7059010172246252,0.8359514310475462,0.2,R-HGE,LiO,OLD
0.9659906133448076,0.9710425451687263,0.7388338056029266,0.8549381753858265,0.9606741173251928,0.9663048768726846,0.7035627340553997,0.8349338054640422,0.4,R-HGE,LiO,OLD
0.9656862907315844,0.9708028507647988,0.7375590881414038,0.8541809694531013,0.9604201433957872,0.9661391081333696,0.7008935094791512,0.8335163088062604,0.4,R-HGE,LiO,OLD
0.965953216643776,0.9710012253362176,0.7384542243687612,0.8547277248524894,0.9606999685921384,0.9663309925394492,0.7026723736862416,0.8345016831128454,0.4,R-HGE,LiO,OLD
0.9658213792373608,0.9710165202106336,0.7333203101000647,0.8521684151553492,0.9607220006336322,0.9665765854064936,0.6964443128960315,0.8315104491512626,0.4,R-HGE,LiO,OLD
0.9660025269971771,0.9710717254941346,0.7397014882608213,0.8553866068774779,0.9606902289361894,0.9663612234675456,0.7035246052343546,0.8349429143509501,0.4,R-HGE,LiO,OLD
0.9656420893458438,0.967615874679594,0.7780041663917062,0.8728100205356502,0.9614352778353356,0.9636884056443668,0.7504957928460136,0.8570920992451903,0.6000000000000001,R-HGE,LiO,OLD
0.9643064038055088,0.966295409282414,0.7766956797854199,0.871495544533917,0.9602273128137346,0.9625116542081884,0.748032723612379,0.8552721889102837,0.6000000000000001,R-HGE,LiO,OLD
0.9650454314525668,0.9670447386838992,0.7727059790667608,0.8698753588753299,0.960953454892927,0.963231408416972,0.7448821913340047,0.8540567998754883,0.6000000000000001,R-HGE,LiO,OLD
0.9649266967183884,0.9669098108161038,0.7770084336245588,0.8719591222203313,0.9609319094034836,0.9632005957194788,0.7497579123286161,0.8564792540240476,0.6000000000000001,R-HGE,LiO,OLD
0.9649278430913516,0.9668890339708168,0.78161372352563,0.8742513787482235,0.9609199835482348,0.9631743551370092,0.7532610530601933,0.8582177040986012,0.6000000000000001,R-HGE,LiO,OLD
0.9596959298113484,0.9605635176163504,0.8427632799761026,0.9016633987962264,0.953108227375986,0.9539837557801508,0.8333265962276354,0.8936551760038931,0.8,R-HGE,LiO,OLD
0.9582585062454873,0.9591768748610764,0.8325278848086604,0.8958523798348683,0.9530630694090536,0.9539929460849312,0.8227846453069322,0.8883887956959318,0.8,R-HGE,LiO,OLD
0.9604552340970788,0.9613809293492528,0.831401030902862,0.8963909801260574,0.9544473709285228,0.9553735939807276,0.8236521772252661,0.8895128856029968,0.8,R-HGE,LiO,OLD
0.9589283702552892,0.9597916732121357,0.8436326997802694,0.9017121864962026,0.9534055462600955,0.9542809305044176,0.8353798911387369,0.8948304108215772,0.8,R-HGE,LiO,OLD
0.9596025537313986,0.9605452411748776,0.8289435478146694,0.8947443944947735,0.9536090334120904,0.9545553125531664,0.8222700340793901,0.8884126733162783,0.8,R-HGE,LiO,OLD
0.9826823021373337,0.9936209522655388,0.9630740246948932,0.978347488480216,0.9816509028210196,0.992997179199912,0.9613214301370282,0.97715930466847,0.2,R-HGE,LiO,LiO
0.9825707165522082,0.993799902919062,0.9627740655705918,0.9782869842448269,0.981441244349055,0.9930338881337336,0.961008242723909,0.9770210654288212,0.2,R-HGE,LiO,LiO
0.9823063408681842,0.9933578150186996,0.962356644031112,0.9778572295249056,0.9811389916303482,0.9925126928972258,0.9606557026517382,0.976584197774482,0.2,R-HGE,LiO,LiO
0.982759942122823,0.993895118347902,0.9629310814256692,0.9784130998867856,0.9817415635355888,0.9932852062090364,0.9611375183872948,0.9772113622981656,0.2,R-HGE,LiO,LiO
0.9825869231474492,0.9936304405463692,0.962904304803624,0.9782673726749966,0.9815321205729908,0.9929576351816988,0.9612260151389846,0.9770918251603418,0.2,R-HGE,LiO,LiO
0.9818262189705408,0.9955399549015964,0.9476944058970468,0.9716171803993215,0.9803838882529888,0.9948838390609438,0.9456626143817848,0.9702732267213644,0.4,R-HGE,LiO,LiO
0.982043227983978,0.995606989595416,0.9487515420478192,0.9721792658216176,0.9806502981748242,0.9949445773234272,0.946817702672904,0.9708811399981656,0.4,R-HGE,LiO,LiO
0.9820679720198522,0.995735375942782,0.9480869814055088,0.9719111786741452,0.980692336186148,0.995141033363843,0.9461177899904382,0.9706294116771406,0.4,R-HGE,LiO,LiO
0.9818795628506848,0.9953943130956432,0.9484839239955332,0.971939118545588,0.9805534391543866,0.994815414264731,0.9465499775898486,0.9706826959272898,0.4,R-HGE,LiO,LiO
0.9818870633551574,0.9954889936674428,0.9482503529807668,0.9718696733241048,0.9805579995680976,0.9949839457228248,0.9461190250447056,0.9705514853837652,0.4,R-HGE,LiO,LiO
0.9886038835601524,0.9966337350663952,0.9500022840128296,0.9733180095396124,0.9880815858315348,0.9959339854970838,0.9540574500198928,0.9749957177584884,0.6000000000000001,R-HGE,LiO,LiO
0.9888861708989094,0.9966423253546528,0.9519072054343032,0.974274765394478,0.9883604128730988,0.9959135078228456,0.9560531815413666,0.975983344682106,0.6000000000000001,R-HGE,LiO,LiO
0.9888816479746722,0.9965517977876196,0.9521465769445177,0.9743491873660686,0.988250069233283,0.995672297719156,0.9558950096894478,0.975783653704302,0.6000000000000001,R-HGE,LiO,LiO
0.9887411376982312,0.9965581489655444,0.9518077251850752,0.97418293707531,0.988179855423391,0.9958083425057084,0.9556233547005216,0.975715848603115,0.6000000000000001,R-HGE,LiO,LiO
0.98898647908482,0.9967653799394728,0.9519032203709584,0.9743343001552156,0.988468012529002,0.9960689230815342,0.9559126945297126,0.9759908088056234,0.6000000000000001,R-HGE,LiO,LiO
0.99295053348325,0.9969816366033126,0.9565958956814228,0.9767887661423676,0.9925884292506624,0.9965408467536484,0.9630387094034436,0.979789778078546,0.8,R-HGE,LiO,LiO
0.9931564843250028,0.997202582911954,0.956107551953915,0.9766550674329344,0.9928498098386762,0.9968077354816856,0.963153340185951,0.9799805378338182,0.8,R-HGE,LiO,LiO
0.9930732208341628,0.9970931642562054,0.9563063144699308,0.976699739363068,0.9927252613011524,0.99665512265975,0.963007469933436,0.9798312962965928,0.8,R-HGE,LiO,LiO
0.9929686813936748,0.9969687393486332,0.9568273175615314,0.9768980284550824,0.9926196047519842,0.9965383601498355,0.9633199304951032,0.9799291453224694,0.8,R-HGE,LiO,LiO
0.9930734450003796,0.997050228884076,0.9573847661932148,0.9772174975386454,0.992748118051217,0.9966330237434043,0.9634815403507184,0.9800572820470612,0.8,R-HGE,LiO,LiO
0.9504259335383689,0.96366093590438,0.7161423170501167,0.8399016264772483,0.9450129509957979,0.9586114177983709,0.6579855123288173,0.808298465063594,0.2,HGT,OLD,OLD
0.9501167046046208,0.963444679487109,0.7156006928076466,0.8395226861473778,0.9449399629065478,0.9584948502186992,0.6611318360999467,0.809813343159323,0.2,HGT,OLD,OLD
0.9500970858371517,0.9636080506763894,0.7138445466344195,0.8387262986554045,0.9453295161007835,0.9589915812633013,0.6577379815680638,0.8083647814156826,0.2,HGT,OLD,OLD
0.9503630185070664,0.9637868333226247,0.7124752625961104,0.8381310479593675,0.9457306378053171,0.9593062284386366,0.65709448567289,0.8082003570557632,0.2,HGT,OLD,OLD
0.9502346206225915,0.9636197903727207,0.7149979236348323,0.8393088570037766,0.9449853395274362,0.9586418534726583,0.6581372607784454,0.8083895571255518,0.2,HGT,OLD,OLD
0.9495867018319093,0.955921877359539,0.7149104007433372,0.8354161390514381,0.9411669861918049,0.9482936002986753,0.65376569057351,0.8010296454360926,0.4,HGT,OLD,OLD
0.9493740093200853,0.9556838351375571,0.7162469271648817,0.8359653811512193,0.9407171232563427,0.947832683926997,0.6537685298357707,0.8008006068813839,0.4,HGT,OLD,OLD
0.9498453582334078,0.9561352294319274,0.717854813524588,0.8369950214782578,0.9414672048290809,0.9485279991150298,0.6571869952097649,0.8028574971623974,0.4,HGT,OLD,OLD
0.9493923025975284,0.9558125229315012,0.7105696534946238,0.8331910882130624,0.9410933995020173,0.9483178743135515,0.648727284032607,0.7985225791730792,0.4,HGT,OLD,OLD
0.9498617665054366,0.9561085987620261,0.717119675186443,0.8366141369742346,0.9414309418532606,0.9484658491742382,0.6545934832851834,0.8015296662297108,0.4,HGT,OLD,OLD
0.9266772227558173,0.9294737934034812,0.7059622399758084,0.8177180166896448,0.9141379453780214,0.9173321317681206,0.6506382514886566,0.7839851916283886,0.6000000000000001,HGT,OLD,OLD
0.9261583732844043,0.9290219421537786,0.6982183405756934,0.813620141364736,0.9129958323635909,0.9162626320532596,0.6428987423335236,0.7795806871933917,0.6000000000000001,HGT,OLD,OLD
0.926526601920884,0.9294501789286637,0.6930096838389834,0.8112299313838236,0.913702333473368,0.9169985909111968,0.6415458864263693,0.7792722386687831,0.6000000000000001,HGT,OLD,OLD
0.9265549554448581,0.9294858048890926,0.691731032966771,0.8106084189279318,0.9139571996107638,0.9172643514143574,0.638996904939237,0.7781306281767972,0.6000000000000001,HGT,OLD,OLD
0.92709822589872,0.9299478348430624,0.6992444797539404,0.8145961572985014,0.9142074888308835,0.9174303327631836,0.6476683802028271,0.7825493564830054,0.6000000000000001,HGT,OLD,OLD
0.9244947760613969,0.9259063690826816,0.7217855038948296,0.8238459364887556,0.9095994527267743,0.9112541911692703,0.6765802529213127,0.7939172220452915,0.8,HGT,OLD,OLD
0.9248706875653991,0.9262924883896321,0.7173196071039606,0.8218060477467963,0.9101404777991491,0.9117969192667392,0.6757594596737583,0.7937781894702487,0.8,HGT,OLD,OLD
0.9256223230978553,0.9270935496246933,0.7093906883678871,0.8182421189962902,0.9107062793961411,0.9124049919316297,0.6728405762401974,0.7926227840859136,0.8,HGT,OLD,OLD
0.9247461396999515,0.9261611612644093,0.7146426362489805,0.8204018987566949,0.9096944492994553,0.9113314133318686,0.6742112533504144,0.7927713333411415,0.8,HGT,OLD,OLD
0.9250885833884868,0.9265768559326967,0.7045446808020122,0.8155607683673545,0.9102166655805335,0.9119703423553909,0.6602885709665985,0.7861294566609947,0.8,HGT,OLD,OLD
0.9413229863912602,0.9857333389257229,0.8852752364552641,0.9355042876904935,0.9361891571398775,0.9841900911910568,0.8479650037476901,0.9160775474693734,0.2,HGT,OLD,LiO
0.9410970708097733,0.9854006326203507,0.8842532716715308,0.9348269521459407,0.9358065287220001,0.9841514058897061,0.8463425459338876,0.9152469759117968,0.2,HGT,OLD,LiO
0.9401480959362083,0.9838994249353479,0.8840021265367882,0.9339507757360681,0.9352443700435162,0.9833601855845385,0.846413124020753,0.9148866548026457,0.2,HGT,OLD,LiO
0.9416299429026145,0.985513738999811,0.8846513283770812,0.9350825336884461,0.9360468541725107,0.9841202055372781,0.8466111437763315,0.9153656746568049,0.2,HGT,OLD,LiO
0.9404155739860836,0.9841616373860841,0.8841331827797102,0.9341474100828971,0.9355456002140718,0.9832441153767467,0.8468656556832126,0.9150548855299796,0.2,HGT,OLD,LiO
0.9502325076823066,0.9882405578256322,0.8565345436124101,0.9223875507190211,0.9412863021659704,0.9863274964048904,0.8048749772904005,0.8956012368476454,0.4,HGT,OLD,LiO
0.9516486419663662,0.9894975389042838,0.8571268330921493,0.9233121859982165,0.9426164335715331,0.9874526069894863,0.8059347508896719,0.8966936789395792,0.4,HGT,OLD,LiO
0.951171432790822,0.9889596135408636,0.857781657276648,0.9233706354087559,0.9427660850669801,0.9874887800464724,0.8072746935259252,0.8973817367861988,0.4,HGT,OLD,LiO
0.9507662540423124,0.9882133890454755,0.8575097246505639,0.9228615568480196,0.9422279841295796,0.9869554099222124,0.8060080842378559,0.8964817470800341,0.4,HGT,OLD,LiO
0.9513780297541552,0.9890804999728667,0.857459571768358,0.9232700358706123,0.9421755361105024,0.9867061760581187,0.8058244098401445,0.8962652929491316,0.4,HGT,OLD,LiO
0.9451006082812934,0.9867768457946019,0.7913464359248765,0.8890616408597392,0.9378842009276562,0.9842131682830391,0.7227121322255909,0.853462650254315,0.6000000000000001,HGT,OLD,LiO
0.9454766243702878,0.9867548170782836,0.7895970709495072,0.8881759440138954,0.9376133035635119,0.9838729848959055,0.7202431835903383,0.8520580842431219,0.6000000000000001,HGT,OLD,LiO
0.9449051325105055,0.9866295377858489,0.7910750911430845,0.8888523144644667,0.9372498628039531,0.9837731823168298,0.721553253519847,0.8526632179183384,0.6000000000000001,HGT,OLD,LiO
0.9452869349075799,0.9865839416954939,0.790519850262314,0.8885518959789039,0.9372084929640567,0.9835016485100989,0.7215150006322604,0.8525083245711796,0.6000000000000001,HGT,OLD,LiO
0.9451448627334331,0.9867594328440822,0.7906361468125868,0.8886977898283345,0.937412102325003,0.9836400159437494,0.7222547119145349,0.8529473639291422,0.6000000000000001,HGT,OLD,LiO
0.9317323289132183,0.977028836956253,0.7467012614735729,0.8618650492149129,0.9357894869440166,0.977370351235249,0.6834795348916065,0.8304249430634277,0.8,HGT,OLD,LiO
0.9257372777543317,0.9747481494918989,0.7522175390865629,0.8634828442892308,0.9327238128394304,0.9757144844966719,0.6913889179408027,0.8335517012187372,0.8,HGT,OLD,LiO
0.9289339422537954,0.9752623248867243,0.749140423889731,0.8622013743882276,0.9346958120936164,0.9765020183333174,0.6871529677834378,0.8318274930583776,0.8,HGT,OLD,LiO
0.9303337953276314,0.9762174648991147,0.752697734965252,0.8644575999321833,0.9358086891719817,0.9766899298590548,0.6933231273245413,0.835006528591798,0.8,HGT,OLD,LiO
0.9321396344733517,0.9762412320521849,0.7501197833084337,0.8631805076803093,0.9363243521111773,0.977229728676697,0.6868993835327388,0.832064556104718,0.8,HGT,OLD,LiO
0.9596678682679695,0.967079159591688,0.7145015863809753,0.8407903729863316,0.9579325230292702,0.9659540156683606,0.6675157290120919,0.8167348723402262,0.2,HGT,LiO,OLD
0.9602537566268075,0.9677283373873808,0.7150545162737575,0.8413914268305691,0.9582386948167304,0.9662844809678955,0.6709357611285323,0.818610121048214,0.2,HGT,LiO,OLD
0.9598389802583049,0.9672870638514998,0.714432046002537,0.8408595549270184,0.9580621902987011,0.9660914272967883,0.6705560686167107,0.8183237479567496,0.2,HGT,LiO,OLD
0.9601530575507701,0.9676856714211014,0.7115086046196932,0.8395971380203973,0.9582663129808524,0.9663930684178751,0.6660787681583231,0.8162359182880992,0.2,HGT,LiO,OLD
0.960240326124445,0.9676906293735291,0.7151822931506673,0.8414364612620981,0.9581806186691988,0.9662017508023631,0.6698425950889273,0.8180221729456452,0.2,HGT,LiO,OLD
0.9558631197248328,0.9637103885784073,0.7064732426854712,0.8350918156319392,0.9506796060173783,0.960748238651877,0.6534672936917875,0.8071077661718322,0.4,HGT,LiO,OLD
0.9553725404768161,0.9633234845584696,0.7051582051181879,0.8342408448383287,0.9500073658133139,0.9602656482991407,0.6484714559124171,0.8043685521057788,0.4,HGT,LiO,OLD
0.9558335393633869,0.9636637561998086,0.7071366352107235,0.835400195705266,0.9507043883179914,0.9607442576936754,0.6555009659691331,0.8081226118314042,0.4,HGT,LiO,OLD
0.9553916301951053,0.963436842746898,0.6989804834310231,0.8312086630889606,0.9503548181715917,0.9607363457978083,0.6440742102640268,0.8024052780309175,0.4,HGT,LiO,OLD
0.9557249284335546,0.9636024183227859,0.7051980247527364,0.8344002215377612,0.9506397533132123,0.9607604734124828,0.6509991312455929,0.8058798023290379,0.4,HGT,LiO,OLD
0.9440725681623289,0.9478761351188894,0.699479400498159,0.8236777678085242,0.9346275661556955,0.9398182024245685,0.6506358312428892,0.7952270168337288,0.6000000000000001,HGT,LiO,OLD
0.9427492884447366,0.9466150782066801,0.6939447269172793,0.8202799025619797,0.9333525658428276,0.938655894298055,0.6426571675083352,0.7906565309031951,0.6000000000000001,HGT,LiO,OLD
0.9428476428205601,0.9467131854496336,0.6889146826100778,0.8178139340298557,0.9337660632567065,0.9390303045247127,0.6424695984613604,0.7907499514930365,0.6000000000000001,HGT,LiO,OLD
0.9434237311560063,0.947315873451197,0.6895238373027504,0.8184198553769737,0.9340999606351622,0.9394306111413864,0.6420466799272406,0.7907386455343135,0.6000000000000001,HGT,LiO,OLD
0.9432191823727673,0.9470095455009381,0.6959088787033875,0.8214592121021628,0.9341715083035563,0.9393358247009251,0.6506043777547809,0.7949701012278529,0.6000000000000001,HGT,LiO,OLD
0.9249263871181455,0.9266699523148536,0.7063226998936113,0.8164963261042324,0.9157524735428912,0.917935600440554,0.6599280224469998,0.7889318114437769,0.8,HGT,LiO,OLD
0.925469664179449,0.9271247846567238,0.7111223798648725,0.8191235822607981,0.9171870484577973,0.9192595202835088,0.6741126745946853,0.796686097439097,0.8,HGT,LiO,OLD
0.9256946762342212,0.9274716950192692,0.6972518425470063,0.8123617687831377,0.9170085088039706,0.9191627898134724,0.6653976615506123,0.7922802256820424,0.8,HGT,LiO,OLD
0.9253893341678733,0.9271035560799763,0.7040065850939723,0.8155550705869743,0.9163973507937001,0.9185055575033445,0.6648916984347113,0.7916986279690279,0.8,HGT,LiO,OLD
0.9251303471329246,0.9269119230706737,0.684620702314569,0.8057663126926213,0.9161659385861054,0.9184179552280005,0.6466818847519604,0.7825499199899805,0.8,HGT,LiO,OLD
0.9552860411159003,0.9902066041225333,0.8669574926953761,0.9285820484089546,0.948806923678069,0.9883305006169205,0.8485351700157371,0.9184328353163288,0.2,HGT,LiO,LiO
0.954953901277505,0.9902334081496227,0.8651229610924892,0.927678184621056,0.9483146713285936,0.9882028506945933,0.8460124775456648,0.917107664120129,0.2,HGT,LiO,LiO
0.9546010406715107,0.9900301677561804,0.8647076426390718,0.9273689051976262,0.9479684649188251,0.9880012233186849,0.8456515383426745,0.9168263808306797,0.2,HGT,LiO,LiO
0.9552433600473617,0.9904961005534556,0.8664045976324233,0.9284503490929394,0.9486017923854712,0.9885136406773359,0.8463985398435541,0.917456090260445,0.2,HGT,LiO,LiO
0.9547627724472175,0.9898743910476646,0.8657504391518324,0.9278124150997484,0.9481555889940451,0.9877804831150045,0.847090749363458,0.9174356162392312,0.2,HGT,LiO,LiO
0.9485948170371473,0.9883317121162848,0.8601559609966074,0.924243836556446,0.9369583434209752,0.9861329174884916,0.815739545004384,0.9009362312464377,0.4,HGT,LiO,LiO
0.9486538275321679,0.9885105506804556,0.8598058038483697,0.9241581772644126,0.937037289472288,0.9864571080011626,0.8148186840447846,0.9006378960229736,0.4,HGT,LiO,LiO
0.9489804591712536,0.9887378936524065,0.8609131071247835,0.924825500388595,0.9377003359717424,0.9870030151269003,0.8166732632836248,0.9018381392052626,0.4,HGT,LiO,LiO
0.9486596481565577,0.988336396263596,0.8602506540446653,0.9242935251541307,0.9370497938399407,0.9862315536434596,0.815335656035979,0.9007836048397193,0.4,HGT,LiO,LiO
0.948535043514217,0.988026245003221,0.8603950676077984,0.9242106563055097,0.9368679963313181,0.9857954062132758,0.8156861476088819,0.9007407769110789,0.4,HGT,LiO,LiO
0.9115486818472133,0.9533031280744376,0.792457484588614,0.8728803063315258,0.8803188404645387,0.9336566680943283,0.7387594616963162,0.8362080648953223,0.6000000000000001,HGT,LiO,LiO
0.9120831623401997,0.9540393328170231,0.7911515808613954,0.8725954568392092,0.8805663244114483,0.9339794380194254,0.7373588974952848,0.8356691677573551,0.6000000000000001,HGT,LiO,LiO
0.9102124463270114,0.9528900918185774,0.7900264283109153,0.8714582600647464,0.8782583603589706,0.9326128349074244,0.7340251108363518,0.8333189728718882,0.6000000000000001,HGT,LiO,LiO
0.9105987121492581,0.9523766043059593,0.7913484518245717,0.8718625280652654,0.877845869301221,0.9309037994520415,0.7358290796433249,0.8333664395476832,0.6000000000000001,HGT,LiO,LiO
0.911999417924052,0.9542967480055153,0.7922208214281433,0.8732587847168294,0.8804291321290367,0.9345530770442838,0.7370814615642216,0.8358172693042527,0.6000000000000001,HGT,LiO,LiO
0.911632229292501,0.946372186322975,0.7518155526325356,0.8490938694777553,0.8951135962601747,0.9364243263845305,0.7010419734485871,0.8187331499165589,0.8,HGT,LiO,LiO
0.9134188155334904,0.9477403541846863,0.7573539017149815,0.8525471279498339,0.8982193167433454,0.9378389003004632,0.709409395545116,0.8236241479227896,0.8,HGT,LiO,LiO
0.9117849048140448,0.9446248276928484,0.7561116909353414,0.8503682593140949,0.8935439046421323,0.9323658295522373,0.7065647636015611,0.8194652965768991,0.8,HGT,LiO,LiO
0.9131331729646185,0.9462552701511204,0.7579802143778516,0.852117742264486,0.8964843840889166,0.9356198014299506,0.7107827118101632,0.8232012566200568,0.8,HGT,LiO,LiO
0.9131814384012267,0.9456537095324686,0.7539429896701539,0.8497983496013113,0.8940363218099292,0.9325834588044994,0.7044891164504052,0.8185362876274523,0.8,HGT,LiO,LiO
